// Auto-generated by tools/gen_icons.py -- do not edit by hand.
// Tribe icon pack: mayday. 8 sprites, 32x32, LVGL LV_COLOR_FORMAT_RGB565A8.
// Layout per image: w*h RGB565 little-endian pixels, then w*h A8 bytes.

#include "tribe_icons_mayday.h"

static const uint8_t tribe_icon_carrot_map[] = {
    0x00, 0x00, 0x00, 0x00, 0x00, 0x00, 0x00, 0x00, 0x00, 0x00, 0x00, 0x00, 0x00, 0x00, 0x00, 0x00,
    0x00, 0x00, 0x00, 0x00, 0x40, 0x55, 0x00, 0x00, 0x00, 0x00, 0x00, 0x00, 0xF3, 0xFF, 0x4B, 0xC7,
    0x6C, 0xD7, 0xFF, 0xFF, 0x00, 0x00, 0x00, 0x00, 0x00, 0x00, 0x4A, 0xAD, 0x00, 0x00, 0x00, 0x00,
    0x00, 0x00, 0x00, 0x00, 0x00, 0x00, 0x00, 0x00, 0x00, 0x00, 0x00, 0x00, 0x00, 0x00, 0x00, 0x00,
    0x00, 0x00, 0x00, 0x00, 0x00, 0x00, 0x00, 0x00, 0x00, 0x00, 0x00, 0x00, 0x00, 0x00, 0x00, 0x00,
    0x00, 0x00, 0x00, 0x00, 0x00, 0x00, 0xAD, 0xD7, 0x28, 0xBF, 0xA6, 0xAE, 0xE3, 0x85, 0xE3, 0x85,
    0x03, 0x96, 0x05, 0x9E, 0x2A, 0xBF, 0xF1, 0xF7, 0xFF, 0xFF, 0x00, 0x00, 0xE0, 0xFF, 0x00, 0x00,
    0x00, 0x00, 0x00, 0x00, 0x00, 0x00, 0x00, 0x00, 0x00, 0x00, 0x00, 0x00, 0x00, 0x00, 0x00, 0x00,
    0x00, 0x00, 0x00, 0x00, 0x00, 0x00, 0x00, 0x00, 0x00, 0x00, 0x00, 0x00, 0x00, 0x00, 0x00, 0x00,
    0xE0, 0x7B, 0xFF, 0xFF, 0xCA, 0xBE, 0x44, 0x96, 0xC2, 0x85, 0xC2, 0x85, 0x81, 0x75, 0x61, 0x6D,
    0x61, 0x75, 0x81, 0x7D, 0xC3, 0x85, 0x04, 0x96, 0x86, 0xA6, 0x2B, 0xCF, 0x00, 0x00, 0xE0, 0x7F,
    0x00, 0x00, 0x00, 0x00, 0x00, 0x00, 0x00, 0x00, 0x00, 0x00, 0x00, 0x00, 0x00, 0x00, 0x00, 0x00,
    0x00, 0x00, 0x00, 0x00, 0x00, 0x00, 0x00, 0x00, 0x00, 0x00, 0x00, 0x00, 0x00, 0x00, 0xEA, 0xAF,
    0x00, 0x00, 0x29, 0xCF, 0x84, 0xA6, 0x81, 0x7D, 0x41, 0x75, 0x41, 0x6D, 0x81, 0x75, 0x61, 0x75,
    0x81, 0x75, 0x21, 0x6D, 0x40, 0x6D, 0x81, 0x75, 0x81, 0x75, 0xE4, 0x9D, 0xAD, 0xD7, 0x00, 0x00,
    0xE0, 0xFF, 0x00, 0x00, 0x00, 0x00, 0x00, 0x00, 0x00, 0x00, 0x00, 0x00, 0x00, 0x00, 0x00, 0x00,
    0x00, 0x00, 0x00, 0x00, 0x00, 0x00, 0x00, 0x00, 0x00, 0x00, 0x00, 0x00, 0x00, 0x00, 0xE7, 0xBD,
    0x00, 0x00, 0x08, 0xC7, 0x63, 0x9E, 0xA2, 0x7D, 0x61, 0x75, 0x21, 0x6D, 0x81, 0x75, 0x61, 0x6D,
    0x41, 0x6D, 0x21, 0x6D, 0x81, 0x75, 0x41, 0x6D, 0xE0, 0x64, 0x82, 0x8D, 0xA8, 0xBE, 0x00, 0x00,
    0x4A, 0xAD, 0x00, 0x00, 0x00, 0x00, 0x00, 0x00, 0x00, 0x00, 0x00, 0x00, 0x00, 0x00, 0x00, 0x00,
    0x00, 0x00, 0x00, 0x00, 0x00, 0x00, 0x00, 0x00, 0x00, 0x00, 0x00, 0x00, 0x00, 0x00, 0xEA, 0xAF,
    0x00, 0x00, 0xE7, 0xBE, 0x63, 0xA6, 0xA1, 0x7D, 0x81, 0x75, 0x01, 0x6D, 0x61, 0x75, 0x40, 0x65,
    0x20, 0x65, 0x01, 0x65, 0x40, 0x6D, 0x41, 0x6D, 0x00, 0x6D, 0x63, 0x8D, 0xEA, 0xC6, 0x00, 0x00,
    0xEF, 0x7B, 0x00, 0x00, 0x00, 0x00, 0x00, 0x00, 0x00, 0x00, 0x00, 0x00, 0x00, 0x00, 0x00, 0x00,
    0x00, 0x00, 0x00, 0x00, 0x00, 0x00, 0x00, 0x00, 0x00, 0x00, 0x00, 0x00, 0x00, 0x00, 0xE0, 0xFF,
    0x00, 0x00, 0xEF, 0xF7, 0x44, 0xA6, 0xA1, 0x7D, 0x82, 0x7D, 0x41, 0x75, 0x61, 0x75, 0x41, 0x75,
    0x01, 0x6D, 0x00, 0x6D, 0x20, 0x65, 0x21, 0x6D, 0x41, 0x75, 0x84, 0x95, 0x00, 0x00, 0xE0, 0x7B,
    0x00, 0x00, 0x00, 0x00, 0x00, 0x00, 0x00, 0x00, 0x00, 0x00, 0x00, 0x00, 0x00, 0x00, 0x00, 0x00,
    0x00, 0x00, 0x00, 0x00, 0x00, 0x00, 0x00, 0x00, 0x00, 0x00, 0x00, 0x00, 0x00, 0x00, 0x00, 0x00,
    0x40, 0xAD, 0x00, 0x00, 0x85, 0xB6, 0x21, 0x96, 0x81, 0x7D, 0x41, 0x6D, 0x41, 0x6D, 0xA1, 0x7D,
    0x01, 0x65, 0x20, 0x65, 0x40, 0x65, 0x00, 0x65, 0x62, 0x85, 0xC5, 0xA5, 0x00, 0x00, 0xE0, 0x7D,
    0x00, 0x00, 0x00, 0x00, 0x00, 0x00, 0x00, 0x00, 0x00, 0x00, 0x00, 0x00, 0x00, 0x00, 0x00, 0x00,
    0x00, 0x00, 0x00, 0x00, 0x00, 0x00, 0x00, 0x00, 0x00, 0x00, 0x00, 0x00, 0x00, 0x00, 0x00, 0x00,
    0xA5, 0xD6, 0x00, 0x00, 0xA8, 0xB7, 0x22, 0x96, 0x40, 0x85, 0xA0, 0x8C, 0x80, 0x94, 0xA0, 0xA4,
    0x20, 0x94, 0xA0, 0x8C, 0xC0, 0x74, 0x00, 0x75, 0x62, 0x85, 0x00, 0x00, 0xC6, 0xCC, 0x00, 0x00,
    0x00, 0x00, 0x00, 0x00, 0x00, 0x00, 0x00, 0x00, 0x00, 0x00, 0x00, 0x00, 0x00, 0x00, 0x00, 0x00,
    0x00, 0x00, 0x00, 0x00, 0x00, 0x00, 0x00, 0x00, 0x00, 0x00, 0x00, 0x00, 0x00, 0x00, 0x40, 0xFD,
    0x00, 0x00, 0x90, 0xF6, 0xA8, 0xFD, 0x23, 0xE5, 0x40, 0xEC, 0xE0, 0xFB, 0xE0, 0xFB, 0x80, 0xFB,
    0xA0, 0xFB, 0xC0, 0xFB, 0xA0, 0xEB, 0x00, 0xD4, 0x83, 0xEC, 0xEC, 0xF5, 0x00, 0x00, 0xE0, 0xFB,
    0x00, 0x00, 0x00, 0x00, 0x00, 0x00, 0x00, 0x00, 0x00, 0x00, 0x00, 0x00, 0x00, 0x00, 0x00, 0x00,
    0x00, 0x00, 0x00, 0x00, 0x00, 0x00, 0x00, 0x00, 0x00, 0x00, 0x00, 0x00, 0x4A, 0xFD, 0x00, 0x00,
    0xCB, 0xFD, 0x67, 0xFD, 0xE3, 0xFC, 0x21, 0xFC, 0xE0, 0xFB, 0xA0, 0xFB, 0xA0, 0xFB, 0xA0, 0xFB,
    0x80, 0xFB, 0xA0, 0xFB, 0xA0, 0xFB, 0xA0, 0xFB, 0x01, 0xFC, 0x85, 0xFC, 0x4A, 0xFD, 0x00, 0x00,
    0xA0, 0xFA, 0x00, 0x00, 0x00, 0x00, 0x00, 0x00, 0x00, 0x00, 0x00, 0x00, 0x00, 0x00, 0x00, 0x00,
    0x00, 0x00, 0x00, 0x00, 0x00, 0x00, 0x00, 0x00, 0x00, 0x00, 0xE7, 0xBD, 0x00, 0x00, 0xCB, 0xFD,
    0x66, 0xFD, 0x40, 0xFC, 0xE0, 0xFB, 0xC0, 0xFB, 0x80, 0xFB, 0x80, 0xFB, 0x80, 0xFB, 0x80, 0xFB,
    0x60, 0xFB, 0x60, 0xFB, 0x80, 0xFB, 0x80, 0xFB, 0x60, 0xFB, 0xC1, 0xFB, 0xA5, 0xFC, 0x4A, 0xFD,
    0x00, 0x00, 0xE7, 0xFB, 0x00, 0x00, 0x00, 0x00, 0x00, 0x00, 0x00, 0x00, 0x00, 0x00, 0x00, 0x00,
    0x00, 0x00, 0x00, 0x00, 0x00, 0x00, 0x00, 0x00, 0x4A, 0xFD, 0x00, 0x00, 0xEB, 0xFD, 0x86, 0xFD,
    0x61, 0xFC, 0x20, 0xFC, 0xE0, 0xFB, 0xC0, 0xFB, 0x80, 0xFB, 0x60, 0xFB, 0x80, 0xFB, 0x60, 0xFB,
    0x40, 0xFB, 0x80, 0xFB, 0x80, 0xFB, 0x60, 0xFB, 0x40, 0xFB, 0xA1, 0xFB, 0xA1, 0xFB, 0x64, 0xFC,
    0x0A, 0xF5, 0x00, 0x00, 0x4A, 0xFD, 0x00, 0x00, 0x00, 0x00, 0x00, 0x00, 0x00, 0x00, 0x00, 0x00,
    0x00, 0x00, 0x00, 0x00, 0x00, 0x00, 0xEF, 0xFF, 0x00, 0xF8, 0xF2, 0xFE, 0x88, 0xFD, 0xA2, 0xFC,
    0x00, 0xFC, 0xE0, 0xFB, 0xC0, 0xFB, 0xA0, 0xFB, 0xA0, 0xFB, 0x80, 0xFB, 0x60, 0xFB, 0x40, 0xFB,
    0x40, 0xFB, 0x40, 0xFB, 0x60, 0xFB, 0x80, 0xFB, 0x80, 0xFB, 0x60, 0xFB, 0x60, 0xFB, 0xA1, 0xFB,
    0x65, 0xFC, 0xCB, 0xF5, 0x00, 0x00, 0xEF, 0xFF, 0x00, 0x00, 0x00, 0x00, 0x00, 0x00, 0x00, 0x00,
    0x00, 0x00, 0x00, 0x00, 0x00, 0x00, 0x4A, 0xFD, 0x00, 0x00, 0xAA, 0xFD, 0x04, 0xFD, 0x61, 0xFC,
    0x00, 0xFC, 0xE0, 0xFB, 0xC0, 0xFB, 0xC0, 0xFB, 0x80, 0xFB, 0x20, 0xFB, 0x60, 0xFB, 0x60, 0xFB,
    0x00, 0xFB, 0x00, 0xFB, 0x20, 0xFB, 0x60, 0xFB, 0x60, 0xFB, 0x40, 0xFB, 0x40, 0xFB, 0x60, 0xFB,
    0x02, 0xFC, 0xA7, 0xFC, 0x00, 0x00, 0xE0, 0xFB, 0x00, 0x00, 0x00, 0x00, 0x00, 0x00, 0x00, 0x00,
    0x00, 0x00, 0x00, 0x00, 0xEF, 0xFF, 0x00, 0x00, 0x90, 0xF6, 0x46, 0xFD, 0xA2, 0xFC, 0x41, 0xFC,
    0xC0, 0xFB, 0xA0, 0xFB, 0xC0, 0xFB, 0x80, 0xFB, 0xE6, 0xF3, 0xB8, 0xFE, 0xD1, 0xFD, 0x40, 0xFB,
    0xAA, 0xFC, 0x97, 0xF6, 0x69, 0xF4, 0x40, 0xFB, 0x40, 0xFB, 0x40, 0xFB, 0x40, 0xFB, 0x20, 0xFB,
    0x61, 0xFB, 0x25, 0xFC, 0x6C, 0xF5, 0x00, 0x00, 0x4A, 0xFD, 0x00, 0x00, 0x00, 0x00, 0x00, 0x00,
    0x00, 0x00, 0x00, 0x00, 0xE7, 0xFD, 0x00, 0x00, 0xEB, 0xFD, 0x03, 0xFD, 0x41, 0xFC, 0x01, 0xFC,
    0x80, 0xFB, 0xA0, 0xFB, 0xC0, 0xFB, 0x60, 0xFB, 0xB7, 0xFE, 0x5E, 0x8E, 0x1C, 0x9E, 0xEA, 0xFC,
    0xD9, 0xAD, 0x3E, 0x8E, 0xF9, 0xF6, 0xA1, 0xFB, 0x40, 0xFB, 0x40, 0xFB, 0x40, 0xFB, 0x20, 0xFB,
    0x20, 0xFB, 0xC2, 0xFB, 0xA7, 0xFC, 0x00, 0x00, 0xE7, 0xFB, 0x00, 0x00, 0x00, 0x00, 0x00, 0x00,
    0x00, 0x00, 0x00, 0x00, 0xE0, 0xFF, 0x00, 0x00, 0xAA, 0xFD, 0xC2, 0xFC, 0x00, 0xFC, 0x00, 0xFC,
    0xE0, 0xFB, 0xC0, 0xFB, 0xA0, 0xFB, 0xC3, 0xFB, 0xFB, 0xE6, 0xFC, 0x03, 0x3B, 0x24, 0xF1, 0xFD,
    0x5B, 0x2C, 0xBB, 0x03, 0xDB, 0xDE, 0x45, 0xFC, 0x20, 0xFB, 0x40, 0xFB, 0x40, 0xFB, 0x20, 0xFB,
    0x20, 0xFB, 0xA1, 0xFB, 0x86, 0xFC, 0x00, 0x00, 0x00, 0xF8, 0x00, 0x00, 0x00, 0x00, 0x00, 0x00,
    0x00, 0x00, 0xE0, 0xFF, 0x00, 0x00, 0xFF, 0xDF, 0xA9, 0xFD, 0xE3, 0xFC, 0x41, 0xFC, 0x00, 0xFC,
    0xA0, 0xFB, 0xA0, 0xFB, 0xA0, 0xFB, 0xC1, 0xFB, 0xDA, 0xE6, 0x1D, 0x04, 0xBB, 0x44, 0x0A, 0xFD,
    0x7B, 0x34, 0xDC, 0x0B, 0xDB, 0xE6, 0xE2, 0xFB, 0x20, 0xFB, 0x20, 0xFB, 0x20, 0xFB, 0x40, 0xFB,
    0x61, 0xFB, 0x61, 0xFB, 0x25, 0xF4, 0xFF, 0xD7, 0x00, 0x00, 0xE0, 0xFF, 0x00, 0x00, 0x00, 0x00,
    0x00, 0x00, 0xFF, 0xFF, 0x00, 0x00, 0xFD, 0xCF, 0xA9, 0xF5, 0x81, 0xFC, 0xE0, 0xFB, 0xE0, 0xFB,
    0xC0, 0xFB, 0xA0, 0xFB, 0xA0, 0xFB, 0x60, 0xFB, 0x6B, 0xFD, 0x5A, 0xBE, 0x2E, 0xDD, 0x80, 0xFB,
    0xCF, 0xCC, 0x5B, 0xBE, 0x8D, 0xFD, 0x40, 0xFB, 0x20, 0xFB, 0x20, 0xFB, 0x00, 0xFB, 0x20, 0xFB,
    0x40, 0xFB, 0x61, 0xFB, 0x05, 0xF4, 0xF7, 0xDE, 0x00, 0x00, 0xE0, 0xFF, 0x00, 0x00, 0x00, 0x00,
    0x00, 0x00, 0xE0, 0xFF, 0x00, 0x00, 0xFF, 0xDF, 0x89, 0xFD, 0xA2, 0xFC, 0x00, 0xFC, 0xC0, 0xFB,
    0xE0, 0xFB, 0xA0, 0xFB, 0x80, 0xFB, 0xA0, 0xFB, 0x40, 0xA2, 0xA1, 0xFB, 0x20, 0xEB, 0x41, 0xB2,
    0x80, 0xFB, 0x62, 0xEB, 0x80, 0xBA, 0x80, 0xFB, 0x20, 0xFB, 0x20, 0xFB, 0x00, 0xFB, 0x40, 0xFB,
    0x40, 0xFB, 0x61, 0xFB, 0x05, 0xF4, 0xFD, 0xBF, 0x00, 0x00, 0xE0, 0xFF, 0x00, 0x00, 0x00, 0x00,
    0x00, 0x00, 0x00, 0x00, 0xE0, 0xFB, 0x00, 0x00, 0xAA, 0xFD, 0xC3, 0xFC, 0xE0, 0xFB, 0xA0, 0xFB,
    0xC0, 0xFB, 0x80, 0xFB, 0x60, 0xFB, 0xA0, 0xFB, 0x82, 0x69, 0xC2, 0x28, 0x22, 0x41, 0x42, 0x39,
    0x22, 0x41, 0xA2, 0x20, 0x21, 0x82, 0x80, 0xFB, 0x00, 0xFB, 0x00, 0xFB, 0x00, 0xFB, 0x20, 0xFB,
    0x40, 0xFB, 0x20, 0xFB, 0x25, 0xFC, 0xFF, 0xFF, 0x00, 0x00, 0x00, 0xF8, 0x00, 0x00, 0x00, 0x00,
    0x00, 0x00, 0x00, 0x00, 0xE7, 0xFD, 0x00, 0x00, 0xAA, 0xFD, 0x04, 0xFD, 0xE0, 0xFB, 0xC0, 0xFB,
    0xC0, 0xFB, 0xA0, 0xFB, 0x80, 0xFB, 0x60, 0xFB, 0x60, 0xFB, 0xA0, 0xBA, 0x20, 0xDB, 0x80, 0xFB,
    0xA0, 0xC2, 0xA1, 0xC2, 0x80, 0xFB, 0x20, 0xFB, 0x20, 0xFB, 0x20, 0xFB, 0x00, 0xFB, 0x20, 0xFB,
    0xE0, 0xFA, 0x61, 0xFB, 0x65, 0xFC, 0x00, 0x00, 0xE0, 0xF9, 0x00, 0x00, 0x00, 0x00, 0x00, 0x00,
    0x00, 0x00, 0x00, 0x00, 0x4A, 0xFD, 0x00, 0x00, 0x2D, 0xFE, 0x05, 0xFD, 0x01, 0xFC, 0xC0, 0xFB,
    0xC0, 0xFB, 0xC0, 0xFB, 0x80, 0xFB, 0x60, 0xFB, 0x60, 0xFB, 0x80, 0xFB, 0xA0, 0xFB, 0x40, 0xFB,
    0x60, 0xFB, 0x60, 0xFB, 0x40, 0xFB, 0x20, 0xFB, 0x20, 0xFB, 0x20, 0xFB, 0x00, 0xFB, 0x00, 0xFB,
    0xE0, 0xFA, 0xA2, 0xFB, 0xC7, 0xF4, 0x00, 0x00, 0x4A, 0xFD, 0x00, 0x00, 0x00, 0x00, 0x00, 0x00,
    0x00, 0x00, 0x00, 0x00, 0x00, 0x00, 0xE0, 0xFB, 0x00, 0x00, 0x27, 0xFD, 0x82, 0xFC, 0x80, 0xFB,
    0xA0, 0xFB, 0xA0, 0xFB, 0x80, 0xFB, 0x80, 0xFB, 0x60, 0xFB, 0x60, 0xFB, 0x60, 0xFB, 0x40, 0xFB,
    0x40, 0xFB, 0x40, 0xFB, 0x20, 0xFB, 0x20, 0xFB, 0x00, 0xFB, 0x20, 0xFB, 0x20, 0xFB, 0x00, 0xFB,
    0x40, 0xFB, 0xE3, 0xFB, 0xFF, 0xFF, 0xE0, 0xFB, 0x00, 0x00, 0x00, 0x00, 0x00, 0x00, 0x00, 0x00,
    0x00, 0x00, 0x00, 0x00, 0x00, 0x00, 0xEF, 0xFF, 0x00, 0xF8, 0x2D, 0xFE, 0xC5, 0xFC, 0xE0, 0xFB,
    0xE1, 0xFB, 0xA0, 0xFB, 0x80, 0xFB, 0x60, 0xFB, 0x60, 0xFB, 0x60, 0xFB, 0x60, 0xFB, 0x40, 0xFB,
    0x40, 0xFB, 0x00, 0xFB, 0x20, 0xFB, 0x40, 0xFB, 0x00, 0xFB, 0xE0, 0xFA, 0xE0, 0xFA, 0xE0, 0xFA,
    0x81, 0xFB, 0x06, 0xFD, 0x00, 0x00, 0xA0, 0xAA, 0x00, 0x00, 0x00, 0x00, 0x00, 0x00, 0x00, 0x00,
    0x00, 0x00, 0x00, 0x00, 0x00, 0x00, 0x00, 0x00, 0x4A, 0xFD, 0x00, 0x00, 0x49, 0xFD, 0xA4, 0xFC,
    0xE1, 0xFB, 0xC1, 0xFB, 0xC1, 0xFB, 0x80, 0xFB, 0x60, 0xFB, 0x60, 0xFB, 0x60, 0xFB, 0x40, 0xFB,
    0x20, 0xFB, 0x20, 0xFB, 0x40, 0xFB, 0x20, 0xFB, 0xE0, 0xFA, 0xC0, 0xF2, 0xC0, 0xFA, 0x60, 0xFB,
    0x03, 0xFC, 0x00, 0x00, 0x40, 0xFD, 0x00, 0x00, 0x00, 0x00, 0x00, 0x00, 0x00, 0x00, 0x00, 0x00,
    0x00, 0x00, 0x00, 0x00, 0x00, 0x00, 0x00, 0x00, 0x00, 0x00, 0x4A, 0xFD, 0x00, 0x00, 0x28, 0xF5,
    0x42, 0xFC, 0xC0, 0xFB, 0x80, 0xFB, 0x60, 0xFB, 0x40, 0xFB, 0x40, 0xFB, 0x40, 0xFB, 0x20, 0xFB,
    0x00, 0xFB, 0x20, 0xFB, 0x20, 0xFB, 0xE0, 0xFA, 0xC0, 0xF2, 0xE0, 0xFA, 0x20, 0xFB, 0xC2, 0xFB,
    0x00, 0x00, 0xE0, 0xB9, 0x00, 0x00, 0x00, 0x00, 0x00, 0x00, 0x00, 0x00, 0x00, 0x00, 0x00, 0x00,
    0x00, 0x00, 0x00, 0x00, 0x00, 0x00, 0x00, 0x00, 0x00, 0x00, 0x00, 0x00, 0x40, 0xFD, 0x00, 0x00,
    0xE7, 0xF4, 0x23, 0xFC, 0xC1, 0xFB, 0x80, 0xFB, 0x40, 0xFB, 0x20, 0xFB, 0x00, 0xFB, 0xE0, 0xFA,
    0xE0, 0xFA, 0xE0, 0xFA, 0x00, 0xFB, 0xE0, 0xFA, 0xE0, 0xFA, 0x20, 0xFB, 0xA2, 0xF3, 0x00, 0x00,
    0xA0, 0xFA, 0x00, 0x00, 0x00, 0x00, 0x00, 0x00, 0x00, 0x00, 0x00, 0x00, 0x00, 0x00, 0x00, 0x00,
    0x00, 0x00, 0x00, 0x00, 0x00, 0x00, 0x00, 0x00, 0x00, 0x00, 0x00, 0x00, 0x00, 0x00, 0x4A, 0xFD,
    0x00, 0x00, 0xFF, 0x07, 0xE2, 0xFB, 0x61, 0xFB, 0x20, 0xFB, 0xC0, 0xF2, 0xC0, 0xF2, 0xA0, 0xF2,
    0xA0, 0xF2, 0x80, 0xEA, 0x80, 0xEA, 0xA0, 0xEA, 0xE1, 0xF2, 0xCC, 0xCC, 0x00, 0x00, 0xA0, 0xFA,
    0x00, 0x00, 0x00, 0x00, 0x00, 0x00, 0x00, 0x00, 0x00, 0x00, 0x00, 0x00, 0x00, 0x00, 0x00, 0x00,
    0x00, 0x00, 0x00, 0x00, 0x00, 0x00, 0x00, 0x00, 0x00, 0x00, 0x00, 0x00, 0x00, 0x00, 0x00, 0x00,
    0xE0, 0xFB, 0x00, 0x00, 0x00, 0x00, 0x00, 0x00, 0x63, 0xCA, 0x60, 0xE2, 0xC3, 0xD2, 0x82, 0xCA,
    0x83, 0xBA, 0x82, 0xD2, 0x62, 0xD2, 0x00, 0x00, 0x00, 0x00, 0x00, 0x00, 0xA0, 0xFA, 0x00, 0x00,
    0x00, 0x00, 0x00, 0x00, 0x00, 0x00, 0x00, 0x00, 0x00, 0x00, 0x00, 0x00, 0x00, 0x00, 0x00, 0x00,
    0x00, 0x00, 0x00, 0x00, 0x00, 0x00, 0x00, 0x00, 0x00, 0x00, 0x00, 0x00, 0x00, 0x00, 0x00, 0x00,
    0x00, 0x00, 0x00, 0x00, 0x00, 0x00, 0x00, 0x00, 0x00, 0x00, 0x00, 0x00, 0x00, 0x00, 0x00, 0x00,
    0x00, 0x00, 0x00, 0x00, 0x00, 0x00, 0x00, 0x00, 0x00, 0x00, 0x00, 0x00, 0x00, 0x00, 0x00, 0x00,
    0x00, 0x00, 0x00, 0x00, 0x00, 0x00, 0x00, 0x00, 0x00, 0x00, 0x00, 0x00, 0x00, 0x00, 0x00, 0x00,
    0x00, 0x00, 0x00, 0x00, 0x00, 0x00, 0x00, 0x00, 0x00, 0x00, 0x03, 0x00, 0x00, 0x00, 0x0F, 0x43,
    0x3F, 0x06, 0x00, 0x00, 0x00, 0x03, 0x00, 0x00, 0x00, 0x00, 0x00, 0x00, 0x00, 0x00, 0x00, 0x00,
    0x00, 0x00, 0x00, 0x00, 0x00, 0x00, 0x00, 0x00, 0x00, 0x00, 0x00, 0x1F, 0x34, 0x64, 0xE0, 0xFF,
    0xFF, 0xCF, 0x39, 0x1D, 0x02, 0x00, 0x01, 0x00, 0x00, 0x00, 0x00, 0x00, 0x00, 0x00, 0x00, 0x00,
    0x00, 0x00, 0x00, 0x00, 0x00, 0x00, 0x00, 0x00, 0x02, 0x01, 0x8B, 0xF6, 0xFF, 0xFF, 0xFF, 0xFE,
    0xFE, 0xFF, 0xFF, 0xF5, 0xD1, 0x40, 0x00, 0x02, 0x00, 0x00, 0x00, 0x00, 0x00, 0x00, 0x00, 0x00,
    0x00, 0x00, 0x00, 0x00, 0x00, 0x00, 0x00, 0x03, 0x00, 0x4E, 0xFF, 0xFF, 0xFE, 0xFD, 0xFD, 0xFF,
    0xFF, 0xFD, 0xFF, 0xFF, 0xFF, 0xEF, 0x1A, 0x01, 0x01, 0x00, 0x00, 0x00, 0x00, 0x00, 0x00, 0x00,
    0x00, 0x00, 0x00, 0x00, 0x00, 0x00, 0x00, 0x04, 0x00, 0x7C, 0xFC, 0xFA, 0xFF, 0xFF, 0xFF, 0xFF,
    0xFF, 0xFF, 0xFE, 0xFE, 0xFC, 0xFF, 0x41, 0x00, 0x03, 0x00, 0x00, 0x00, 0x00, 0x00, 0x00, 0x00,
    0x00, 0x00, 0x00, 0x00, 0x00, 0x00, 0x00, 0x03, 0x00, 0x50, 0xFF, 0xFC, 0xFF, 0xFF, 0xFF, 0xFF,
    0xFF, 0xFF, 0xFF, 0xFE, 0xFF, 0xF8, 0x20, 0x00, 0x02, 0x00, 0x00, 0x00, 0x00, 0x00, 0x00, 0x00,
    0x00, 0x00, 0x00, 0x00, 0x00, 0x00, 0x00, 0x01, 0x00, 0x13, 0xEF, 0xFF, 0xFE, 0xFF, 0xFF, 0xFF,
    0xFF, 0xFF, 0xFF, 0xFC, 0xFE, 0xBB, 0x00, 0x02, 0x00, 0x00, 0x00, 0x00, 0x00, 0x00, 0x00, 0x00,
    0x00, 0x00, 0x00, 0x00, 0x00, 0x00, 0x00, 0x00, 0x03, 0x00, 0xAD, 0xFF, 0xFB, 0xFF, 0xFF, 0xFF,
    0xFF, 0xFF, 0xFF, 0xFD, 0xFF, 0x4C, 0x00, 0x04, 0x00, 0x00, 0x00, 0x00, 0x00, 0x00, 0x00, 0x00,
    0x00, 0x00, 0x00, 0x00, 0x00, 0x00, 0x00, 0x00, 0x06, 0x00, 0x31, 0xFC, 0xFD, 0xFF, 0xFF, 0xFF,
    0xFF, 0xFF, 0xFC, 0xFF, 0xAD, 0x00, 0x05, 0x00, 0x00, 0x00, 0x00, 0x00, 0x00, 0x00, 0x00, 0x00,
    0x00, 0x00, 0x00, 0x00, 0x00, 0x00, 0x00, 0x03, 0x00, 0x11, 0x7A, 0xF8, 0xFE, 0xFF, 0xFF, 0xFF,
    0xFF, 0xFF, 0xFD, 0xFE, 0x9A, 0x1B, 0x00, 0x02, 0x00, 0x00, 0x00, 0x00, 0x00, 0x00, 0x00, 0x00,
    0x00, 0x00, 0x00, 0x00, 0x00, 0x00, 0x03, 0x00, 0x50, 0xE0, 0xFF, 0xFF, 0xFF, 0xFF, 0xFF, 0xFF,
    0xFF, 0xFF, 0xFF, 0xFE, 0xFF, 0xED, 0x67, 0x00, 0x03, 0x00, 0x00, 0x00, 0x00, 0x00, 0x00, 0x00,
    0x00, 0x00, 0x00, 0x00, 0x00, 0x04, 0x00, 0x6D, 0xFF, 0xFF, 0xFB, 0xFF, 0xFF, 0xFF, 0xFF, 0xFF,
    0xFF, 0xFF, 0xFF, 0xFF, 0xFC, 0xFF, 0xFF, 0x84, 0x00, 0x04, 0x00, 0x00, 0x00, 0x00, 0x00, 0x00,
    0x00, 0x00, 0x00, 0x00, 0x03, 0x00, 0x5D, 0xFF, 0xFC, 0xFD, 0xFF, 0xFF, 0xFF, 0xFF, 0xFF, 0xFF,
    0xFF, 0xFF, 0xFF, 0xFF, 0xFF, 0xFE, 0xFA, 0xFF, 0x6E, 0x00, 0x03, 0x00, 0x00, 0x00, 0x00, 0x00,
    0x00, 0x00, 0x00, 0x02, 0x01, 0x25, 0xF5, 0xFD, 0xFD, 0xFF, 0xFF, 0xFF, 0xFF, 0xFF, 0xFF, 0xFF,
    0xFF, 0xFF, 0xFF, 0xFF, 0xFF, 0xFF, 0xFE, 0xFC, 0xFA, 0x30, 0x00, 0x02, 0x00, 0x00, 0x00, 0x00,
    0x00, 0x00, 0x00, 0x03, 0x00, 0xB1, 0xFF, 0xFB, 0xFF, 0xFF, 0xFF, 0xFF, 0xFF, 0xFF, 0xFF, 0xFF,
    0xFF, 0xFF, 0xFF, 0xFF, 0xFF, 0xFF, 0xFF, 0xFC, 0xFF, 0xC0, 0x00, 0x02, 0x00, 0x00, 0x00, 0x00,
    0x00, 0x00, 0x02, 0x00, 0x33, 0xFE, 0xFD, 0xFF, 0xFF, 0xFF, 0xFF, 0xFF, 0xFF, 0xFF, 0xFF, 0xFF,
    0xFF, 0xFF, 0xFF, 0xFF, 0xFF, 0xFF, 0xFF, 0xFF, 0xFD, 0xFF, 0x3A, 0x00, 0x03, 0x00, 0x00, 0x00,
    0x00, 0x00, 0x04, 0x00, 0x88, 0xFF, 0xFB, 0xFF, 0xFF, 0xFF, 0xFF, 0xFF, 0xFF, 0xFF, 0xFF, 0xFF,
    0xFF, 0xFF, 0xFF, 0xFF, 0xFF, 0xFF, 0xFF, 0xFF, 0xFB, 0xFF, 0x8C, 0x00, 0x04, 0x00, 0x00, 0x00,
    0x00, 0x00, 0x01, 0x00, 0xC2, 0xFF, 0xFC, 0xFF, 0xFF, 0xFF, 0xFF, 0xFF, 0xFF, 0xFF, 0xFF, 0xFF,
    0xFF, 0xFF, 0xFF, 0xFF, 0xFF, 0xFF, 0xFF, 0xFF, 0xFC, 0xFF, 0xC8, 0x00, 0x01, 0x00, 0x00, 0x00,
    0x00, 0x01, 0x00, 0x07, 0xE1, 0xFF, 0xFD, 0xFF, 0xFF, 0xFF, 0xFF, 0xFF, 0xFF, 0xFF, 0xFF, 0xFF,
    0xFF, 0xFF, 0xFF, 0xFF, 0xFF, 0xFF, 0xFF, 0xFF, 0xFE, 0xFF, 0xE8, 0x0B, 0x00, 0x01, 0x00, 0x00,
    0x00, 0x01, 0x00, 0x0F, 0xEC, 0xFF, 0xFE, 0xFF, 0xFF, 0xFF, 0xFF, 0xFF, 0xFF, 0xFF, 0xFF, 0xFF,
    0xFF, 0xFF, 0xFF, 0xFF, 0xFF, 0xFF, 0xFF, 0xFF, 0xFE, 0xFF, 0xEC, 0x0F, 0x00, 0x01, 0x00, 0x00,
    0x00, 0x01, 0x00, 0x08, 0xE2, 0xFF, 0xFD, 0xFF, 0xFF, 0xFF, 0xFF, 0xFF, 0xFF, 0xFF, 0xFF, 0xFF,
    0xFF, 0xFF, 0xFF, 0xFF, 0xFF, 0xFF, 0xFF, 0xFF, 0xFE, 0xFF, 0xE8, 0x0C, 0x00, 0x01, 0x00, 0x00,
    0x00, 0x00, 0x02, 0x00, 0xC3, 0xFF, 0xFC, 0xFF, 0xFF, 0xFF, 0xFF, 0xFF, 0xFF, 0xFF, 0xFF, 0xFF,
    0xFF, 0xFF, 0xFF, 0xFF, 0xFF, 0xFF, 0xFF, 0xFF, 0xFD, 0xFF, 0xD3, 0x02, 0x00, 0x01, 0x00, 0x00,
    0x00, 0x00, 0x04, 0x00, 0x8C, 0xFF, 0xFB, 0xFF, 0xFF, 0xFF, 0xFF, 0xFF, 0xFF, 0xFF, 0xFF, 0xFF,
    0xFF, 0xFF, 0xFF, 0xFF, 0xFF, 0xFF, 0xFF, 0xFF, 0xFB, 0xFE, 0x9D, 0x00, 0x04, 0x00, 0x00, 0x00,
    0x00, 0x00, 0x03, 0x00, 0x37, 0xFF, 0xFD, 0xFF, 0xFF, 0xFF, 0xFF, 0xFF, 0xFF, 0xFF, 0xFF, 0xFF,
    0xFF, 0xFF, 0xFF, 0xFF, 0xFF, 0xFF, 0xFF, 0xFF, 0xFC, 0xFF, 0x43, 0x00, 0x03, 0x00, 0x00, 0x00,
    0x00, 0x00, 0x00, 0x02, 0x00, 0xB7, 0xFF, 0xFB, 0xFF, 0xFF, 0xFF, 0xFF, 0xFF, 0xFF, 0xFF, 0xFF,
    0xFF, 0xFF, 0xFF, 0xFF, 0xFF, 0xFF, 0xFF, 0xFC, 0xFF, 0xC7, 0x02, 0x02, 0x00, 0x00, 0x00, 0x00,
    0x00, 0x00, 0x00, 0x02, 0x01, 0x29, 0xF6, 0xFD, 0xFD, 0xFF, 0xFF, 0xFF, 0xFF, 0xFF, 0xFF, 0xFF,
    0xFF, 0xFF, 0xFF, 0xFF, 0xFF, 0xFF, 0xFE, 0xFC, 0xFC, 0x36, 0x00, 0x03, 0x00, 0x00, 0x00, 0x00,
    0x00, 0x00, 0x00, 0x00, 0x03, 0x00, 0x57, 0xFF, 0xFE, 0xFC, 0xFF, 0xFF, 0xFF, 0xFF, 0xFF, 0xFF,
    0xFF, 0xFF, 0xFF, 0xFF, 0xFF, 0xFC, 0xFC, 0xFF, 0x6F, 0x00, 0x03, 0x00, 0x00, 0x00, 0x00, 0x00,
    0x00, 0x00, 0x00, 0x00, 0x00, 0x03, 0x00, 0x5D, 0xF9, 0xFF, 0xFC, 0xFC, 0xFD, 0xFE, 0xFF, 0xFF,
    0xFF, 0xFE, 0xFE, 0xFC, 0xFC, 0xFF, 0xFF, 0x70, 0x00, 0x04, 0x00, 0x00, 0x00, 0x00, 0x00, 0x00,
    0x00, 0x00, 0x00, 0x00, 0x00, 0x00, 0x03, 0x00, 0x37, 0xC7, 0xFF, 0xFF, 0xFF, 0xFF, 0xFE, 0xFE,
    0xFE, 0xFF, 0xFF, 0xFF, 0xFF, 0xCE, 0x43, 0x00, 0x03, 0x00, 0x00, 0x00, 0x00, 0x00, 0x00, 0x00,
    0x00, 0x00, 0x00, 0x00, 0x00, 0x00, 0x00, 0x03, 0x00, 0x01, 0x4F, 0xA6, 0xDD, 0xF9, 0xFF, 0xFF,
    0xFF, 0xFA, 0xE1, 0xAB, 0x55, 0x05, 0x00, 0x03, 0x00, 0x00, 0x00, 0x00, 0x00, 0x00, 0x00, 0x00,
    0x00, 0x00, 0x00, 0x00, 0x00, 0x00, 0x00, 0x00, 0x02, 0x00, 0x00, 0x00, 0x0A, 0x2A, 0x43, 0x47,
    0x46, 0x2F, 0x0D, 0x00, 0x00, 0x00, 0x03, 0x00, 0x00, 0x00, 0x00, 0x00, 0x00, 0x00, 0x00, 0x00,
    0x00, 0x00, 0x00, 0x00, 0x00, 0x00, 0x00, 0x00, 0x00, 0x00, 0x00, 0x00, 0x00, 0x00, 0x00, 0x00,
    0x00, 0x00, 0x00, 0x00, 0x00, 0x00, 0x00, 0x00, 0x00, 0x00, 0x00, 0x00, 0x00, 0x00, 0x00, 0x00,
};

const lv_image_dsc_t tribe_icon_carrot = {
    .header = {
        .magic  = LV_IMAGE_HEADER_MAGIC,
        .cf     = LV_COLOR_FORMAT_RGB565A8,
        .flags  = 0,
        .w      = 32,
        .h      = 32,
        .stride = 64,
    },
    .data_size = sizeof(tribe_icon_carrot_map),
    .data      = tribe_icon_carrot_map,
};

static const uint8_t tribe_icon_rabbit_map[] = {
    0x00, 0x00, 0x00, 0x00, 0x00, 0x00, 0x00, 0x00, 0x00, 0x00, 0x00, 0x00, 0x00, 0x00, 0x00, 0x00,
    0x00, 0x00, 0x00, 0x00, 0x00, 0x00, 0x00, 0x00, 0x00, 0x00, 0x00, 0x00, 0x00, 0x00, 0x00, 0x00,
    0x00, 0x00, 0x00, 0x00, 0x00, 0x00, 0x00, 0x00, 0x00, 0x00, 0x00, 0x00, 0x00, 0x00, 0x00, 0x00,
    0x00, 0x00, 0x00, 0x00, 0x00, 0x00, 0x00, 0x00, 0x00, 0x00, 0x00, 0x00, 0x00, 0x00, 0x00, 0x00,
    0x00, 0x00, 0x00, 0x00, 0x00, 0x00, 0x00, 0x00, 0x00, 0x00, 0x00, 0x00, 0x00, 0x00, 0x00, 0x00,
    0x00, 0x00, 0x00, 0x00, 0x00, 0x00, 0x00, 0x00, 0x00, 0x00, 0x00, 0x00, 0x00, 0x00, 0x00, 0x00,
    0x00, 0x00, 0x00, 0x00, 0x00, 0x00, 0x00, 0x00, 0x00, 0x00, 0x00, 0x00, 0x00, 0x00, 0x00, 0x00,
    0x00, 0x00, 0x00, 0x00, 0x00, 0x00, 0x00, 0x00, 0x00, 0x00, 0x00, 0x00, 0x00, 0x00, 0x00, 0x00,
    0x00, 0x00, 0x00, 0x00, 0x00, 0x00, 0x00, 0x00, 0x00, 0x00, 0x00, 0x00, 0x00, 0x00, 0x00, 0x00,
    0x00, 0x00, 0x00, 0x00, 0x00, 0x00, 0x91, 0x94, 0x91, 0x94, 0x00, 0x00, 0x00, 0x00, 0x00, 0x00,
    0x00, 0x00, 0x00, 0x00, 0x00, 0x00, 0x91, 0x94, 0x91, 0x94, 0x00, 0x00, 0x00, 0x00, 0x00, 0x00,
    0x00, 0x00, 0x00, 0x00, 0x00, 0x00, 0x00, 0x00, 0x00, 0x00, 0x00, 0x00, 0x00, 0x00, 0x00, 0x00,
    0x00, 0x00, 0x00, 0x00, 0x00, 0x00, 0x00, 0x00, 0x00, 0x00, 0x00, 0x00, 0x00, 0x00, 0x00, 0x00,
    0x00, 0x00, 0x00, 0x00, 0x91, 0x94, 0xFF, 0xFF, 0xFF, 0xFF, 0xFF, 0xFF, 0x00, 0x00, 0x00, 0x00,
    0x00, 0x00, 0x00, 0x00, 0xFF, 0xFF, 0xFF, 0xFF, 0xFF, 0xFF, 0x91, 0x94, 0x00, 0x00, 0x00, 0x00,
    0x00, 0x00, 0x00, 0x00, 0x00, 0x00, 0x00, 0x00, 0x00, 0x00, 0x00, 0x00, 0x00, 0x00, 0x00, 0x00,
    0x00, 0x00, 0x00, 0x00, 0x00, 0x00, 0x00, 0x00, 0x00, 0x00, 0x00, 0x00, 0x00, 0x00, 0x00, 0x00,
    0x00, 0x00, 0x00, 0x00, 0x91, 0x94, 0xFF, 0xFF, 0xFF, 0xFF, 0xFF, 0xFF, 0xFF, 0xFF, 0x00, 0x00,
    0x00, 0x00, 0xFF, 0xFF, 0xFF, 0xFF, 0xFF, 0xFF, 0xFF, 0xFF, 0x91, 0x94, 0x00, 0x00, 0x00, 0x00,
    0x00, 0x00, 0x00, 0x00, 0x00, 0x00, 0x00, 0x00, 0x00, 0x00, 0x00, 0x00, 0x00, 0x00, 0x00, 0x00,
    0x00, 0x00, 0x00, 0x00, 0x00, 0x00, 0x00, 0x00, 0x00, 0x00, 0x00, 0x00, 0x00, 0x00, 0x00, 0x00,
    0x00, 0x00, 0x91, 0x94, 0xFF, 0xFF, 0xFF, 0xFF, 0xF8, 0xFC, 0xFF, 0xFF, 0xFF, 0xFF, 0x00, 0x00,
    0x00, 0x00, 0xFF, 0xFF, 0xFF, 0xFF, 0xF8, 0xFC, 0xFF, 0xFF, 0xFF, 0xFF, 0x91, 0x94, 0x00, 0x00,
    0x00, 0x00, 0x00, 0x00, 0x00, 0x00, 0x00, 0x00, 0x00, 0x00, 0x00, 0x00, 0x00, 0x00, 0x00, 0x00,
    0x00, 0x00, 0x00, 0x00, 0x00, 0x00, 0x00, 0x00, 0x00, 0x00, 0x00, 0x00, 0x00, 0x00, 0x00, 0x00,
    0x00, 0x00, 0x91, 0x94, 0xFF, 0xFF, 0xF8, 0xFC, 0xF8, 0xFC, 0xFF, 0xFF, 0xFF, 0xFF, 0x00, 0x00,
    0x00, 0x00, 0xFF, 0xFF, 0xFF, 0xFF, 0xF8, 0xFC, 0xF8, 0xFC, 0xFE, 0xFF, 0x91, 0x94, 0x00, 0x00,
    0x00, 0x00, 0x00, 0x00, 0x00, 0x00, 0x00, 0x00, 0x00, 0x00, 0x00, 0x00, 0x00, 0x00, 0x00, 0x00,
    0x00, 0x00, 0x00, 0x00, 0x00, 0x00, 0x00, 0x00, 0x00, 0x00, 0x00, 0x00, 0x00, 0x00, 0x00, 0x00,
    0x00, 0x00, 0x91, 0x94, 0xFF, 0xFF, 0xF8, 0xFC, 0xF8, 0xFC, 0xFF, 0xFF, 0xFF, 0xFF, 0x00, 0x00,
    0x00, 0x00, 0xFF, 0xFF, 0xFF, 0xFF, 0xF8, 0xFC, 0xF8, 0xFC, 0xDE, 0xFF, 0x91, 0x94, 0x00, 0x00,
    0x00, 0x00, 0x00, 0x00, 0x00, 0x00, 0x00, 0x00, 0x00, 0x00, 0x00, 0x00, 0x00, 0x00, 0x00, 0x00,
    0x00, 0x00, 0x00, 0x00, 0x00, 0x00, 0x00, 0x00, 0x00, 0x00, 0x00, 0x00, 0x00, 0x00, 0x00, 0x00,
    0x91, 0x94, 0xFF, 0xFF, 0xFF, 0xFF, 0xF8, 0xFC, 0xF8, 0xFC, 0xFF, 0xFF, 0xFF, 0xFF, 0x00, 0x00,
    0x00, 0x00, 0xFF, 0xFF, 0xFF, 0xFF, 0xF8, 0xFC, 0xF8, 0xFC, 0xDE, 0xFF, 0xDE, 0xFF, 0x91, 0x94,
    0x00, 0x00, 0x00, 0x00, 0x00, 0x00, 0x00, 0x00, 0x00, 0x00, 0x00, 0x00, 0x00, 0x00, 0x00, 0x00,
    0x00, 0x00, 0x00, 0x00, 0x00, 0x00, 0x00, 0x00, 0x00, 0x00, 0x00, 0x00, 0x00, 0x00, 0x00, 0x00,
    0x91, 0x94, 0xFF, 0xFF, 0xF8, 0xFC, 0xF8, 0xFC, 0xF8, 0xFC, 0xFF, 0xFF, 0x00, 0x00, 0x00, 0x00,
    0x00, 0x00, 0x00, 0x00, 0xFE, 0xFF, 0xF8, 0xFC, 0xF8, 0xFC, 0xF8, 0xFC, 0xDE, 0xFF, 0x91, 0x94,
    0x00, 0x00, 0x00, 0x00, 0x00, 0x00, 0x00, 0x00, 0x00, 0x00, 0x00, 0x00, 0x00, 0x00, 0x00, 0x00,
    0x00, 0x00, 0x00, 0x00, 0x00, 0x00, 0x00, 0x00, 0x00, 0x00, 0x00, 0x00, 0x00, 0x00, 0x00, 0x00,
    0x91, 0x94, 0xFF, 0xFF, 0xF8, 0xFC, 0xF8, 0xFC, 0xF8, 0xFC, 0xFF, 0xFF, 0x00, 0x00, 0x00, 0x00,
    0x00, 0x00, 0x00, 0x00, 0xDE, 0xFF, 0xF8, 0xFC, 0xF8, 0xFC, 0xF8, 0xFC, 0xDE, 0xFF, 0x91, 0x94,
    0x00, 0x00, 0x00, 0x00, 0x00, 0x00, 0x00, 0x00, 0x00, 0x00, 0x00, 0x00, 0x00, 0x00, 0x00, 0x00,
    0x00, 0x00, 0x00, 0x00, 0x00, 0x00, 0x00, 0x00, 0x00, 0x00, 0x00, 0x00, 0x00, 0x00, 0x00, 0x00,
    0x91, 0x94, 0xFF, 0xFF, 0xF8, 0xFC, 0xF8, 0xFC, 0xFF, 0xFF, 0xFF, 0xFF, 0x00, 0x00, 0x00, 0x00,
    0x00, 0x00, 0x00, 0x00, 0xDE, 0xFF, 0xDE, 0xFF, 0xF8, 0xFC, 0xF8, 0xFC, 0xDE, 0xFF, 0x91, 0x94,
    0x00, 0x00, 0x00, 0x00, 0x00, 0x00, 0x00, 0x00, 0x00, 0x00, 0x00, 0x00, 0x00, 0x00, 0x00, 0x00,
    0x00, 0x00, 0x00, 0x00, 0x00, 0x00, 0x00, 0x00, 0x00, 0x00, 0x00, 0x00, 0x00, 0x00, 0x00, 0x00,
    0x91, 0x94, 0xFF, 0xFF, 0xF8, 0xFC, 0xF8, 0xFC, 0xFF, 0xFF, 0x00, 0x00, 0x00, 0x00, 0x00, 0x00,
    0x00, 0x00, 0x00, 0x00, 0x00, 0x00, 0xDE, 0xFF, 0xF8, 0xFC, 0xF8, 0xFC, 0xBE, 0xFF, 0x91, 0x94,
    0x00, 0x00, 0x00, 0x00, 0x00, 0x00, 0x00, 0x00, 0x00, 0x00, 0x00, 0x00, 0x00, 0x00, 0x00, 0x00,
    0x00, 0x00, 0x00, 0x00, 0x00, 0x00, 0x00, 0x00, 0x00, 0x00, 0x00, 0x00, 0x00, 0x00, 0x00, 0x00,
    0x91, 0x94, 0xFF, 0xFF, 0xF8, 0xFC, 0xF8, 0xFC, 0xFF, 0xFF, 0x91, 0x94, 0x91, 0x94, 0x91, 0x94,
    0x91, 0x94, 0x91, 0x94, 0x91, 0x94, 0xDE, 0xFF, 0xF8, 0xFC, 0xF8, 0xFC, 0xBE, 0xFF, 0x91, 0x94,
    0x00, 0x00, 0x00, 0x00, 0x00, 0x00, 0x00, 0x00, 0x00, 0x00, 0x00, 0x00, 0x00, 0x00, 0x00, 0x00,
    0x00, 0x00, 0x00, 0x00, 0x00, 0x00, 0x00, 0x00, 0x00, 0x00, 0x00, 0x00, 0x00, 0x00, 0x00, 0x00,
    0x91, 0x94, 0xFF, 0xFF, 0xFF, 0xFF, 0xFF, 0xFF, 0xFF, 0xFF, 0xFE, 0xFF, 0xDE, 0xFF, 0xDE, 0xFF,
    0xDE, 0xFF, 0xDE, 0xFF, 0xDE, 0xFF, 0xDE, 0xFF, 0xBE, 0xFF, 0xBE, 0xFF, 0xBE, 0xFF, 0x91, 0x94,
    0x00, 0x00, 0x00, 0x00, 0x00, 0x00, 0x00, 0x00, 0x00, 0x00, 0x00, 0x00, 0x00, 0x00, 0x00, 0x00,
    0x00, 0x00, 0x00, 0x00, 0x00, 0x00, 0x00, 0x00, 0x00, 0x00, 0x00, 0x00, 0x00, 0x00, 0x00, 0x00,
    0x91, 0x94, 0xFF, 0xFF, 0xFF, 0xFF, 0xFF, 0xFF, 0xFE, 0xFF, 0xDE, 0xFF, 0xDE, 0xFF, 0xDE, 0xFF,
    0xDE, 0xFF, 0xDE, 0xFF, 0xDE, 0xFF, 0xBE, 0xFF, 0xBE, 0xFF, 0xBE, 0xFF, 0xBE, 0xF7, 0x91, 0x94,
    0x00, 0x00, 0x00, 0x00, 0x00, 0x00, 0x00, 0x00, 0x00, 0x00, 0x00, 0x00, 0x00, 0x00, 0x00, 0x00,
    0x00, 0x00, 0x00, 0x00, 0x00, 0x00, 0x00, 0x00, 0x00, 0x00, 0x00, 0x00, 0x00, 0x00, 0x00, 0x00,
    0x00, 0x00, 0x91, 0x94, 0xFF, 0xFF, 0xFE, 0xFF, 0xDE, 0xFF, 0xDE, 0xFF, 0xDE, 0xFF, 0xDE, 0xFF,
    0xDE, 0xFF, 0xDE, 0xFF, 0xBE, 0xFF, 0xBE, 0xFF, 0xBE, 0xFF, 0xBE, 0xF7, 0x91, 0x94, 0x00, 0x00,
    0x00, 0x00, 0x00, 0x00, 0x00, 0x00, 0x00, 0x00, 0x00, 0x00, 0x00, 0x00, 0x00, 0x00, 0x00, 0x00,
    0x00, 0x00, 0x00, 0x00, 0x00, 0x00, 0x00, 0x00, 0x00, 0x00, 0x00, 0x00, 0x00, 0x00, 0x00, 0x00,
    0x91, 0x94, 0xFF, 0xFF, 0xFE, 0xFF, 0xDE, 0xFF, 0xDE, 0xFF, 0xDE, 0xFF, 0xDE, 0xFF, 0xDE, 0xFF,
    0xDE, 0xFF, 0xBE, 0xFF, 0xBE, 0xFF, 0xBE, 0xFF, 0xBE, 0xF7, 0xBE, 0xF7, 0xBE, 0xF7, 0x91, 0x94,
    0x00, 0x00, 0x00, 0x00, 0x00, 0x00, 0x00, 0x00, 0x00, 0x00, 0x00, 0x00, 0x00, 0x00, 0x00, 0x00,
    0x00, 0x00, 0x00, 0x00, 0x00, 0x00, 0x00, 0x00, 0x00, 0x00, 0x00, 0x00, 0x00, 0x00, 0x91, 0x94,
    0xFF, 0xFF, 0xFE, 0xFF, 0xDE, 0xFF, 0xDE, 0xFF, 0xDE, 0xFF, 0xDE, 0xFF, 0xDE, 0xFF, 0xDE, 0xFF,
    0xBE, 0xFF, 0xBE, 0xFF, 0xBE, 0xFF, 0xBE, 0xF7, 0xBE, 0xF7, 0xBE, 0xF7, 0xBE, 0xF7, 0x9D, 0xF7,
    0x91, 0x94, 0x00, 0x00, 0x00, 0x00, 0x00, 0x00, 0x00, 0x00, 0x00, 0x00, 0x00, 0x00, 0x00, 0x00,
    0x00, 0x00, 0x00, 0x00, 0x00, 0x00, 0x00, 0x00, 0x00, 0x00, 0x00, 0x00, 0x00, 0x00, 0x91, 0x94,
    0xFE, 0xFF, 0xDE, 0xFF, 0xDE, 0xFF, 0xDE, 0xFF, 0x46, 0x29, 0x46, 0x29, 0xDE, 0xFF, 0xBE, 0xFF,
    0xBE, 0xFF, 0xBE, 0xFF, 0x46, 0x29, 0x46, 0x29, 0xBE, 0xF7, 0xBE, 0xF7, 0x9D, 0xF7, 0x9D, 0xF7,
    0x91, 0x94, 0x00, 0x00, 0x00, 0x00, 0x00, 0x00, 0x00, 0x00, 0x00, 0x00, 0x00, 0x00, 0x00, 0x00,
    0x00, 0x00, 0x00, 0x00, 0x00, 0x00, 0x00, 0x00, 0x00, 0x00, 0x00, 0x00, 0x00, 0x00, 0x91, 0x94,
    0xDE, 0xFF, 0xDE, 0xFF, 0xDE, 0xFF, 0xDE, 0xFF, 0x46, 0x29, 0x46, 0x29, 0xBE, 0xFF, 0xBE, 0xFF,
    0xBE, 0xFF, 0xBE, 0xF7, 0x46, 0x29, 0x46, 0x29, 0xBE, 0xF7, 0x9D, 0xF7, 0x9D, 0xF7, 0x9D, 0xF7,
    0x91, 0x94, 0x00, 0x00, 0x00, 0x00, 0x00, 0x00, 0x00, 0x00, 0x00, 0x00, 0x00, 0x00, 0x00, 0x00,
    0x00, 0x00, 0x00, 0x00, 0x00, 0x00, 0x00, 0x00, 0x00, 0x00, 0x00, 0x00, 0x00, 0x00, 0x91, 0x94,
    0xDE, 0xFF, 0xDE, 0xFF, 0xDE, 0xFF, 0xDE, 0xFF, 0x46, 0x29, 0x46, 0x29, 0xBE, 0xFF, 0xBE, 0xFF,
    0xBE, 0xF7, 0xBE, 0xF7, 0x46, 0x29, 0x46, 0x29, 0x9D, 0xF7, 0x9D, 0xF7, 0x9D, 0xF7, 0x9D, 0xF7,
    0x91, 0x94, 0x00, 0x00, 0x00, 0x00, 0x00, 0x00, 0x00, 0x00, 0x00, 0x00, 0x00, 0x00, 0x00, 0x00,
    0x00, 0x00, 0x00, 0x00, 0x00, 0x00, 0x00, 0x00, 0x00, 0x00, 0x00, 0x00, 0x00, 0x00, 0x91, 0x94,
    0xDE, 0xFF, 0xDE, 0xFF, 0xDE, 0xFF, 0xDE, 0xFF, 0xBE, 0xFF, 0xBE, 0xFF, 0xBE, 0xFF, 0xF8, 0xFC,
    0xF8, 0xFC, 0xBE, 0xF7, 0xBE, 0xF7, 0x9D, 0xF7, 0x9D, 0xF7, 0x9D, 0xF7, 0x9D, 0xF7, 0x9D, 0xF7,
    0x91, 0x94, 0x00, 0x00, 0x00, 0x00, 0x00, 0x00, 0x00, 0x00, 0x00, 0x00, 0x00, 0x00, 0x00, 0x00,
    0x00, 0x00, 0x00, 0x00, 0x00, 0x00, 0x00, 0x00, 0x00, 0x00, 0x00, 0x00, 0x00, 0x00, 0x91, 0x94,
    0xDE, 0xFF, 0xDE, 0xFF, 0xDE, 0xFF, 0xBE, 0xFF, 0xBE, 0xFF, 0xBE, 0xFF, 0xBE, 0xF7, 0xF8, 0xFC,
    0xF8, 0xFC, 0xBE, 0xF7, 0x9D, 0xF7, 0x9D, 0xF7, 0x9D, 0xF7, 0x9D, 0xF7, 0x9D, 0xF7, 0x9D, 0xF7,
    0x91, 0x94, 0x00, 0x00, 0x00, 0x00, 0x00, 0x00, 0x00, 0x00, 0x00, 0x00, 0x00, 0x00, 0x00, 0x00,
    0x00, 0x00, 0x00, 0x00, 0x00, 0x00, 0x00, 0x00, 0x00, 0x00, 0x00, 0x00, 0x00, 0x00, 0x00, 0x00,
    0x91, 0x94, 0x7D, 0xF7, 0x7D, 0xF7, 0x7D, 0xF7, 0x7D, 0xF7, 0x7D, 0xF7, 0x7D, 0xF7, 0x7D, 0xF7,
    0x7D, 0xF7, 0x7D, 0xF7, 0x7D, 0xF7, 0x7D, 0xF7, 0x7D, 0xF7, 0x7D, 0xF7, 0x7D, 0xF7, 0x91, 0x94,
    0x00, 0x00, 0x00, 0x00, 0x00, 0x00, 0x00, 0x00, 0x00, 0x00, 0x00, 0x00, 0x00, 0x00, 0x00, 0x00,
    0x00, 0x00, 0x00, 0x00, 0x00, 0x00, 0x00, 0x00, 0x00, 0x00, 0x00, 0x00, 0x00, 0x00, 0x00, 0x00,
    0x00, 0x00, 0x91, 0x94, 0x3B, 0xE7, 0x3B, 0xE7, 0x3B, 0xE7, 0x3B, 0xE7, 0x3B, 0xE7, 0x3B, 0xE7,
    0x3B, 0xE7, 0x3B, 0xE7, 0x3B, 0xE7, 0x3B, 0xE7, 0x3B, 0xE7, 0x3B, 0xE7, 0x91, 0x94, 0x00, 0x00,
    0x00, 0x00, 0x00, 0x00, 0x00, 0x00, 0x00, 0x00, 0x00, 0x00, 0x00, 0x00, 0x00, 0x00, 0x00, 0x00,
    0x00, 0x00, 0x00, 0x00, 0x00, 0x00, 0x00, 0x00, 0x00, 0x00, 0x00, 0x00, 0x00, 0x00, 0x00, 0x00,
    0x00, 0x00, 0x00, 0x00, 0x91, 0x94, 0xDA, 0xDE, 0xDA, 0xDE, 0xDA, 0xDE, 0xDA, 0xDE, 0xDA, 0xDE,
    0xDA, 0xDE, 0xDA, 0xDE, 0xDA, 0xDE, 0xDA, 0xDE, 0xDA, 0xDE, 0x91, 0x94, 0x00, 0x00, 0x00, 0x00,
    0x00, 0x00, 0x00, 0x00, 0x00, 0x00, 0x00, 0x00, 0x00, 0x00, 0x00, 0x00, 0x00, 0x00, 0x00, 0x00,
    0x00, 0x00, 0x00, 0x00, 0x00, 0x00, 0x00, 0x00, 0x00, 0x00, 0x00, 0x00, 0x00, 0x00, 0x00, 0x00,
    0x00, 0x00, 0x00, 0x00, 0x00, 0x00, 0x91, 0x94, 0x91, 0x94, 0x99, 0xD6, 0x99, 0xD6, 0x99, 0xD6,
    0x99, 0xD6, 0x99, 0xD6, 0x99, 0xD6, 0x91, 0x94, 0x91, 0x94, 0x00, 0x00, 0x00, 0x00, 0x00, 0x00,
    0x00, 0x00, 0x00, 0x00, 0x00, 0x00, 0x00, 0x00, 0x00, 0x00, 0x00, 0x00, 0x00, 0x00, 0x00, 0x00,
    0x00, 0x00, 0x00, 0x00, 0x00, 0x00, 0x00, 0x00, 0x00, 0x00, 0x00, 0x00, 0x00, 0x00, 0x00, 0x00,
    0x00, 0x00, 0x00, 0x00, 0x00, 0x00, 0x00, 0x00, 0x00, 0x00, 0x91, 0x94, 0x91, 0x94, 0x91, 0x94,
    0x91, 0x94, 0x91, 0x94, 0x91, 0x94, 0x00, 0x00, 0x00, 0x00, 0x00, 0x00, 0x00, 0x00, 0x00, 0x00,
    0x00, 0x00, 0x00, 0x00, 0x00, 0x00, 0x00, 0x00, 0x00, 0x00, 0x00, 0x00, 0x00, 0x00, 0x00, 0x00,
    0x00, 0x00, 0x00, 0x00, 0x00, 0x00, 0x00, 0x00, 0x00, 0x00, 0x00, 0x00, 0x00, 0x00, 0x00, 0x00,
    0x00, 0x00, 0x00, 0x00, 0x00, 0x00, 0x00, 0x00, 0x00, 0x00, 0x00, 0x00, 0x00, 0x00, 0x00, 0x00,
    0x00, 0x00, 0x00, 0x00, 0x00, 0x00, 0x00, 0x00, 0x00, 0x00, 0x00, 0x00, 0x00, 0x00, 0x00, 0x00,
    0x00, 0x00, 0x00, 0x00, 0x00, 0x00, 0x00, 0x00, 0x00, 0x00, 0x00, 0x00, 0x00, 0x00, 0x00, 0x00,
    0x00, 0x00, 0x00, 0x00, 0x00, 0x00, 0x00, 0x00, 0x00, 0x00, 0x00, 0x00, 0x00, 0x00, 0x00, 0x00,
    0x00, 0x00, 0x00, 0x00, 0x00, 0x00, 0x00, 0x00, 0x00, 0x00, 0x00, 0x00, 0x00, 0x00, 0x00, 0x00,
    0x00, 0x00, 0x00, 0x00, 0x00, 0x00, 0x00, 0x00, 0x00, 0x00, 0x00, 0x00, 0x00, 0x00, 0x00, 0x00,
    0x00, 0x00, 0x00, 0x00, 0x00, 0x00, 0x00, 0x00, 0x00, 0x00, 0x00, 0x00, 0x00, 0x00, 0x00, 0x00,
    0x00, 0x00, 0x00, 0x00, 0x00, 0x00, 0x00, 0x00, 0x00, 0x00, 0x00, 0x00, 0x00, 0x00, 0x00, 0x00,
    0x00, 0x00, 0x00, 0x00, 0x00, 0x00, 0x00, 0x00, 0x00, 0x00, 0x00, 0x00, 0x00, 0x00, 0x00, 0x00,
    0x00, 0x00, 0x00, 0x00, 0x00, 0x00, 0x00, 0x00, 0x00, 0x00, 0x00, 0x00, 0x00, 0x00, 0x00, 0x00,
    0x00, 0x00, 0x00, 0x00, 0x00, 0x00, 0x00, 0x00, 0x00, 0x00, 0x00, 0x00, 0x00, 0x00, 0x00, 0x00,
    0x00, 0x00, 0x00, 0x00, 0x00, 0x00, 0x00, 0x00, 0x00, 0x00, 0x00, 0x00, 0x00, 0x00, 0x00, 0x00,
    0x00, 0x00, 0x00, 0x00, 0x00, 0x00, 0x00, 0x00, 0x00, 0x00, 0x00, 0x00, 0x00, 0x00, 0x00, 0x00,
    0x00, 0x00, 0x00, 0x00, 0x00, 0x00, 0x00, 0x00, 0x00, 0x00, 0x00, 0x00, 0x00, 0x00, 0x00, 0x00,
    0x00, 0x00, 0x00, 0x00, 0x00, 0x00, 0x00, 0x00, 0x00, 0x00, 0x00, 0x00, 0x00, 0x00, 0x00, 0x00,
    0x00, 0x00, 0x00, 0x00, 0x00, 0x00, 0x00, 0x00, 0x00, 0x00, 0x00, 0xFF, 0xFF, 0x00, 0x00, 0x00,
    0x00, 0x00, 0x00, 0xFF, 0xFF, 0x00, 0x00, 0x00, 0x00, 0x00, 0x00, 0x00, 0x00, 0x00, 0x00, 0x00,
    0x00, 0x00, 0x00, 0x00, 0x00, 0x00, 0x00, 0x00, 0x00, 0x00, 0xFF, 0xFF, 0xFF, 0xFF, 0x00, 0x00,
    0x00, 0x00, 0xFF, 0xFF, 0xFF, 0xFF, 0x00, 0x00, 0x00, 0x00, 0x00, 0x00, 0x00, 0x00, 0x00, 0x00,
    0x00, 0x00, 0x00, 0x00, 0x00, 0x00, 0x00, 0x00, 0x00, 0x00, 0xFF, 0xFF, 0xFF, 0xFF, 0xFF, 0x00,
    0x00, 0xFF, 0xFF, 0xFF, 0xFF, 0xFF, 0x00, 0x00, 0x00, 0x00, 0x00, 0x00, 0x00, 0x00, 0x00, 0x00,
    0x00, 0x00, 0x00, 0x00, 0x00, 0x00, 0x00, 0x00, 0x00, 0xFF, 0xFF, 0xFF, 0xFF, 0xFF, 0xFF, 0x00,
    0x00, 0xFF, 0xFF, 0xFF, 0xFF, 0xFF, 0xFF, 0x00, 0x00, 0x00, 0x00, 0x00, 0x00, 0x00, 0x00, 0x00,
    0x00, 0x00, 0x00, 0x00, 0x00, 0x00, 0x00, 0x00, 0x00, 0xFF, 0xFF, 0xFF, 0xFF, 0xFF, 0xFF, 0x00,
    0x00, 0xFF, 0xFF, 0xFF, 0xFF, 0xFF, 0xFF, 0x00, 0x00, 0x00, 0x00, 0x00, 0x00, 0x00, 0x00, 0x00,
    0x00, 0x00, 0x00, 0x00, 0x00, 0x00, 0x00, 0x00, 0x00, 0xFF, 0xFF, 0xFF, 0xFF, 0xFF, 0xFF, 0x00,
    0x00, 0xFF, 0xFF, 0xFF, 0xFF, 0xFF, 0xFF, 0x00, 0x00, 0x00, 0x00, 0x00, 0x00, 0x00, 0x00, 0x00,
    0x00, 0x00, 0x00, 0x00, 0x00, 0x00, 0x00, 0x00, 0xFF, 0xFF, 0xFF, 0xFF, 0xFF, 0xFF, 0xFF, 0x00,
    0x00, 0xFF, 0xFF, 0xFF, 0xFF, 0xFF, 0xFF, 0xFF, 0x00, 0x00, 0x00, 0x00, 0x00, 0x00, 0x00, 0x00,
    0x00, 0x00, 0x00, 0x00, 0x00, 0x00, 0x00, 0x00, 0xFF, 0xFF, 0xFF, 0xFF, 0xFF, 0xFF, 0x00, 0x00,
    0x00, 0x00, 0xFF, 0xFF, 0xFF, 0xFF, 0xFF, 0xFF, 0x00, 0x00, 0x00, 0x00, 0x00, 0x00, 0x00, 0x00,
    0x00, 0x00, 0x00, 0x00, 0x00, 0x00, 0x00, 0x00, 0xFF, 0xFF, 0xFF, 0xFF, 0xFF, 0xFF, 0x00, 0x00,
    0x00, 0x00, 0xFF, 0xFF, 0xFF, 0xFF, 0xFF, 0xFF, 0x00, 0x00, 0x00, 0x00, 0x00, 0x00, 0x00, 0x00,
    0x00, 0x00, 0x00, 0x00, 0x00, 0x00, 0x00, 0x00, 0xFF, 0xFF, 0xFF, 0xFF, 0xFF, 0xFF, 0x00, 0x00,
    0x00, 0x00, 0xFF, 0xFF, 0xFF, 0xFF, 0xFF, 0xFF, 0x00, 0x00, 0x00, 0x00, 0x00, 0x00, 0x00, 0x00,
    0x00, 0x00, 0x00, 0x00, 0x00, 0x00, 0x00, 0x00, 0xFF, 0xFF, 0xFF, 0xFF, 0xFF, 0x00, 0x00, 0x00,
    0x00, 0x00, 0x00, 0xFF, 0xFF, 0xFF, 0xFF, 0xFF, 0x00, 0x00, 0x00, 0x00, 0x00, 0x00, 0x00, 0x00,
    0x00, 0x00, 0x00, 0x00, 0x00, 0x00, 0x00, 0x00, 0xFF, 0xFF, 0xFF, 0xFF, 0xFF, 0xFF, 0xFF, 0xFF,
    0xFF, 0xFF, 0xFF, 0xFF, 0xFF, 0xFF, 0xFF, 0xFF, 0x00, 0x00, 0x00, 0x00, 0x00, 0x00, 0x00, 0x00,
    0x00, 0x00, 0x00, 0x00, 0x00, 0x00, 0x00, 0x00, 0xFF, 0xFF, 0xFF, 0xFF, 0xFF, 0xFF, 0xFF, 0xFF,
    0xFF, 0xFF, 0xFF, 0xFF, 0xFF, 0xFF, 0xFF, 0xFF, 0x00, 0x00, 0x00, 0x00, 0x00, 0x00, 0x00, 0x00,
    0x00, 0x00, 0x00, 0x00, 0x00, 0x00, 0x00, 0x00, 0xFF, 0xFF, 0xFF, 0xFF, 0xFF, 0xFF, 0xFF, 0xFF,
    0xFF, 0xFF, 0xFF, 0xFF, 0xFF, 0xFF, 0xFF, 0xFF, 0x00, 0x00, 0x00, 0x00, 0x00, 0x00, 0x00, 0x00,
    0x00, 0x00, 0x00, 0x00, 0x00, 0x00, 0x00, 0x00, 0x00, 0xFF, 0xFF, 0xFF, 0xFF, 0xFF, 0xFF, 0xFF,
    0xFF, 0xFF, 0xFF, 0xFF, 0xFF, 0xFF, 0xFF, 0x00, 0x00, 0x00, 0x00, 0x00, 0x00, 0x00, 0x00, 0x00,
    0x00, 0x00, 0x00, 0x00, 0x00, 0x00, 0x00, 0x00, 0xFF, 0xFF, 0xFF, 0xFF, 0xFF, 0xFF, 0xFF, 0xFF,
    0xFF, 0xFF, 0xFF, 0xFF, 0xFF, 0xFF, 0xFF, 0xFF, 0x00, 0x00, 0x00, 0x00, 0x00, 0x00, 0x00, 0x00,
    0x00, 0x00, 0x00, 0x00, 0x00, 0x00, 0x00, 0xFF, 0xFF, 0xFF, 0xFF, 0xFF, 0xFF, 0xFF, 0xFF, 0xFF,
    0xFF, 0xFF, 0xFF, 0xFF, 0xFF, 0xFF, 0xFF, 0xFF, 0xFF, 0x00, 0x00, 0x00, 0x00, 0x00, 0x00, 0x00,
    0x00, 0x00, 0x00, 0x00, 0x00, 0x00, 0x00, 0xFF, 0xFF, 0xFF, 0xFF, 0xFF, 0xFF, 0xFF, 0xFF, 0xFF,
    0xFF, 0xFF, 0xFF, 0xFF, 0xFF, 0xFF, 0xFF, 0xFF, 0xFF, 0x00, 0x00, 0x00, 0x00, 0x00, 0x00, 0x00,
    0x00, 0x00, 0x00, 0x00, 0x00, 0x00, 0x00, 0xFF, 0xFF, 0xFF, 0xFF, 0xFF, 0xFF, 0xFF, 0xFF, 0xFF,
    0xFF, 0xFF, 0xFF, 0xFF, 0xFF, 0xFF, 0xFF, 0xFF, 0xFF, 0x00, 0x00, 0x00, 0x00, 0x00, 0x00, 0x00,
    0x00, 0x00, 0x00, 0x00, 0x00, 0x00, 0x00, 0xFF, 0xFF, 0xFF, 0xFF, 0xFF, 0xFF, 0xFF, 0xFF, 0xFF,
    0xFF, 0xFF, 0xFF, 0xFF, 0xFF, 0xFF, 0xFF, 0xFF, 0xFF, 0x00, 0x00, 0x00, 0x00, 0x00, 0x00, 0x00,
    0x00, 0x00, 0x00, 0x00, 0x00, 0x00, 0x00, 0xFF, 0xFF, 0xFF, 0xFF, 0xFF, 0xFF, 0xFF, 0xFF, 0xFF,
    0xFF, 0xFF, 0xFF, 0xFF, 0xFF, 0xFF, 0xFF, 0xFF, 0xFF, 0x00, 0x00, 0x00, 0x00, 0x00, 0x00, 0x00,
    0x00, 0x00, 0x00, 0x00, 0x00, 0x00, 0x00, 0xFF, 0xFF, 0xFF, 0xFF, 0xFF, 0xFF, 0xFF, 0xFF, 0xFF,
    0xFF, 0xFF, 0xFF, 0xFF, 0xFF, 0xFF, 0xFF, 0xFF, 0xFF, 0x00, 0x00, 0x00, 0x00, 0x00, 0x00, 0x00,
    0x00, 0x00, 0x00, 0x00, 0x00, 0x00, 0x00, 0x00, 0xFF, 0xFF, 0xFF, 0xFF, 0xFF, 0xFF, 0xFF, 0xFF,
    0xFF, 0xFF, 0xFF, 0xFF, 0xFF, 0xFF, 0xFF, 0xFF, 0x00, 0x00, 0x00, 0x00, 0x00, 0x00, 0x00, 0x00,
    0x00, 0x00, 0x00, 0x00, 0x00, 0x00, 0x00, 0x00, 0x00, 0xFF, 0xFF, 0xFF, 0xFF, 0xFF, 0xFF, 0xFF,
    0xFF, 0xFF, 0xFF, 0xFF, 0xFF, 0xFF, 0xFF, 0x00, 0x00, 0x00, 0x00, 0x00, 0x00, 0x00, 0x00, 0x00,
    0x00, 0x00, 0x00, 0x00, 0x00, 0x00, 0x00, 0x00, 0x00, 0x00, 0xFF, 0xFF, 0xFF, 0xFF, 0xFF, 0xFF,
    0xFF, 0xFF, 0xFF, 0xFF, 0xFF, 0xFF, 0x00, 0x00, 0x00, 0x00, 0x00, 0x00, 0x00, 0x00, 0x00, 0x00,
    0x00, 0x00, 0x00, 0x00, 0x00, 0x00, 0x00, 0x00, 0x00, 0x00, 0x00, 0xFF, 0xFF, 0xFF, 0xFF, 0xFF,
    0xFF, 0xFF, 0xFF, 0xFF, 0xFF, 0x00, 0x00, 0x00, 0x00, 0x00, 0x00, 0x00, 0x00, 0x00, 0x00, 0x00,
    0x00, 0x00, 0x00, 0x00, 0x00, 0x00, 0x00, 0x00, 0x00, 0x00, 0x00, 0x00, 0x00, 0xFF, 0xFF, 0xFF,
    0xFF, 0xFF, 0xFF, 0x00, 0x00, 0x00, 0x00, 0x00, 0x00, 0x00, 0x00, 0x00, 0x00, 0x00, 0x00, 0x00,
    0x00, 0x00, 0x00, 0x00, 0x00, 0x00, 0x00, 0x00, 0x00, 0x00, 0x00, 0x00, 0x00, 0x00, 0x00, 0x00,
    0x00, 0x00, 0x00, 0x00, 0x00, 0x00, 0x00, 0x00, 0x00, 0x00, 0x00, 0x00, 0x00, 0x00, 0x00, 0x00,
    0x00, 0x00, 0x00, 0x00, 0x00, 0x00, 0x00, 0x00, 0x00, 0x00, 0x00, 0x00, 0x00, 0x00, 0x00, 0x00,
    0x00, 0x00, 0x00, 0x00, 0x00, 0x00, 0x00, 0x00, 0x00, 0x00, 0x00, 0x00, 0x00, 0x00, 0x00, 0x00,
    0x00, 0x00, 0x00, 0x00, 0x00, 0x00, 0x00, 0x00, 0x00, 0x00, 0x00, 0x00, 0x00, 0x00, 0x00, 0x00,
    0x00, 0x00, 0x00, 0x00, 0x00, 0x00, 0x00, 0x00, 0x00, 0x00, 0x00, 0x00, 0x00, 0x00, 0x00, 0x00,
};

const lv_image_dsc_t tribe_icon_rabbit = {
    .header = {
        .magic  = LV_IMAGE_HEADER_MAGIC,
        .cf     = LV_COLOR_FORMAT_RGB565A8,
        .flags  = 0,
        .w      = 32,
        .h      = 32,
        .stride = 64,
    },
    .data_size = sizeof(tribe_icon_rabbit_map),
    .data      = tribe_icon_rabbit_map,
};

static const uint8_t tribe_icon_ball_pink_map[] = {
    0x00, 0x00, 0x00, 0x00, 0x00, 0x00, 0x00, 0x00, 0x00, 0x00, 0x00, 0x00, 0x00, 0x00, 0x00, 0x00,
    0x00, 0x00, 0x00, 0x00, 0x00, 0x00, 0x00, 0x00, 0x00, 0x00, 0x00, 0x00, 0x00, 0x00, 0x00, 0x00,
    0x00, 0x00, 0x00, 0x00, 0x00, 0x00, 0x00, 0x00, 0x00, 0x00, 0x00, 0x00, 0x00, 0x00, 0x00, 0x00,
    0x00, 0x00, 0x00, 0x00, 0x00, 0x00, 0x00, 0x00, 0x00, 0x00, 0x00, 0x00, 0x00, 0x00, 0x00, 0x00,
    0x00, 0x00, 0x00, 0x00, 0x00, 0x00, 0x00, 0x00, 0x00, 0x00, 0x00, 0x00, 0x00, 0x00, 0x00, 0x00,
    0x00, 0x00, 0x00, 0x00, 0x00, 0x00, 0x00, 0x00, 0x00, 0x00, 0x00, 0x00, 0x00, 0x00, 0x00, 0x00,
    0x00, 0x00, 0x00, 0x00, 0x00, 0x00, 0x00, 0x00, 0x00, 0x00, 0x00, 0x00, 0x00, 0x00, 0x00, 0x00,
    0x00, 0x00, 0x00, 0x00, 0x00, 0x00, 0x00, 0x00, 0x00, 0x00, 0x00, 0x00, 0x00, 0x00, 0x00, 0x00,
    0x00, 0x00, 0x00, 0x00, 0x00, 0x00, 0x00, 0x00, 0x00, 0x00, 0x00, 0x00, 0x00, 0x00, 0x00, 0x00,
    0x00, 0x00, 0x00, 0x00, 0x00, 0x00, 0x00, 0x00, 0xF0, 0xAA, 0xF0, 0xB2, 0x00, 0x00, 0x00, 0x00,
    0x00, 0x00, 0x00, 0x00, 0xCF, 0xAA, 0x00, 0x00, 0xCF, 0xAA, 0x00, 0x00, 0x00, 0x00, 0x00, 0x00,
    0x00, 0x00, 0x00, 0x00, 0x00, 0x00, 0x00, 0x00, 0x00, 0x00, 0x00, 0x00, 0x00, 0x00, 0x00, 0x00,
    0x00, 0x00, 0x00, 0x00, 0x00, 0x00, 0x00, 0x00, 0x00, 0x00, 0x00, 0x00, 0x00, 0x00, 0x00, 0x00,
    0x00, 0x00, 0xCF, 0xAA, 0x11, 0xBB, 0x52, 0xC3, 0x93, 0xCB, 0xD4, 0xD3, 0xD4, 0xDB, 0x93, 0xDB,
    0xB4, 0xDB, 0xB4, 0xD3, 0x73, 0xCB, 0x31, 0xC3, 0xF0, 0xBA, 0x00, 0x00, 0x00, 0x00, 0x00, 0x00,
    0x00, 0x00, 0x00, 0x00, 0x00, 0x00, 0x00, 0x00, 0x00, 0x00, 0x00, 0x00, 0x00, 0x00, 0x00, 0x00,
    0x00, 0x00, 0x00, 0x00, 0x00, 0x00, 0x00, 0x00, 0x00, 0x00, 0x00, 0x00, 0x00, 0x00, 0x00, 0x00,
    0x10, 0xBB, 0x93, 0xCB, 0xD4, 0xD3, 0x37, 0xE4, 0x58, 0xEC, 0x36, 0xF4, 0x99, 0xF4, 0x37, 0xFC,
    0x16, 0xF4, 0x37, 0xF4, 0x16, 0xEC, 0xF5, 0xE3, 0xB4, 0xD3, 0x52, 0xCB, 0xF0, 0xBA, 0x00, 0x00,
    0x00, 0x00, 0x00, 0x00, 0x00, 0x00, 0x00, 0x00, 0x00, 0x00, 0x00, 0x00, 0x00, 0x00, 0x00, 0x00,
    0x00, 0x00, 0x00, 0x00, 0x00, 0x00, 0x00, 0x00, 0x00, 0x00, 0x00, 0x00, 0x00, 0x00, 0x31, 0xBB,
    0xB4, 0xD3, 0x16, 0xE4, 0x37, 0xF4, 0x78, 0xFC, 0xBA, 0xFC, 0xDA, 0xFC, 0x99, 0xFC, 0xBA, 0xFC,
    0x99, 0xFC, 0xB9, 0xFC, 0x99, 0xFC, 0x16, 0xFC, 0x37, 0xF4, 0xD5, 0xE3, 0x72, 0xD3, 0xF0, 0xBA,
    0xAF, 0xAA, 0x00, 0x00, 0x00, 0x00, 0x00, 0x00, 0x00, 0x00, 0x00, 0x00, 0x00, 0x00, 0x00, 0x00,
    0x00, 0x00, 0x00, 0x00, 0x00, 0x00, 0x00, 0x00, 0x00, 0x00, 0x00, 0x00, 0x73, 0xC3, 0xD5, 0xDB,
    0x58, 0xEC, 0xB9, 0xFC, 0x58, 0xFC, 0xBA, 0xFC, 0x57, 0xFC, 0x57, 0xFC, 0xB9, 0xFC, 0x36, 0xFC,
    0x58, 0xFC, 0x57, 0xFC, 0x57, 0xFC, 0x37, 0xFC, 0x16, 0xFC, 0x16, 0xFC, 0xF5, 0xEB, 0x73, 0xDB,
    0x10, 0xC3, 0x00, 0x00, 0x00, 0x00, 0x00, 0x00, 0x00, 0x00, 0x00, 0x00, 0x00, 0x00, 0x00, 0x00,
    0x00, 0x00, 0x00, 0x00, 0x00, 0x00, 0x00, 0x00, 0x00, 0x00, 0x52, 0xBB, 0xF5, 0xDB, 0x37, 0xEC,
    0xDA, 0xFC, 0xFA, 0xFC, 0xFA, 0xFC, 0x98, 0xFC, 0x78, 0xFC, 0x99, 0xFC, 0x57, 0xFC, 0x58, 0xFC,
    0x16, 0xFC, 0x16, 0xFC, 0x57, 0xFC, 0x57, 0xFC, 0x58, 0xFC, 0x57, 0xFC, 0xF5, 0xFB, 0xF5, 0xEB,
    0x72, 0xDB, 0x10, 0xBB, 0xAE, 0xAA, 0x00, 0x00, 0x00, 0x00, 0x00, 0x00, 0x00, 0x00, 0x00, 0x00,
    0x00, 0x00, 0x00, 0x00, 0x00, 0x00, 0xCF, 0xAA, 0x31, 0xBB, 0x94, 0xD3, 0x78, 0xEC, 0xFB, 0xFC,
    0xB9, 0xFC, 0xFA, 0xFC, 0xD9, 0xFC, 0xB8, 0xFC, 0x98, 0xFC, 0x98, 0xFC, 0x98, 0xFC, 0x16, 0xFC,
    0x98, 0xFC, 0x37, 0xFC, 0x37, 0xFC, 0xF5, 0xFB, 0x57, 0xFC, 0x37, 0xFC, 0xF5, 0xFB, 0xB4, 0xEB,
    0x93, 0xE3, 0x52, 0xD3, 0xF0, 0xBA, 0xAE, 0xAA, 0x00, 0x00, 0x00, 0x00, 0x00, 0x00, 0x00, 0x00,
    0x00, 0x00, 0x00, 0x00, 0xCF, 0xAA, 0xCF, 0xAA, 0x72, 0xCB, 0xF5, 0xE3, 0xFB, 0xFC, 0xDA, 0xFC,
    0xFA, 0xFC, 0xD8, 0xFC, 0xF8, 0xFC, 0x3A, 0xFD, 0xD8, 0xFC, 0x98, 0xFC, 0x57, 0xFC, 0x78, 0xFC,
    0x78, 0xFC, 0x16, 0xFC, 0x16, 0xFC, 0xF5, 0xFB, 0xF5, 0xFB, 0xD5, 0xF3, 0xD4, 0xF3, 0xD5, 0xF3,
    0xB4, 0xEB, 0x93, 0xE3, 0x10, 0xC3, 0xAE, 0xAA, 0x00, 0x00, 0x00, 0x00, 0x00, 0x00, 0x00, 0x00,
    0x00, 0x00, 0x00, 0x00, 0x00, 0x00, 0x31, 0xBB, 0xD5, 0xD3, 0x99, 0xF4, 0x99, 0xFC, 0xFA, 0xFC,
    0xB8, 0xFC, 0x19, 0xFD, 0x19, 0xFD, 0x39, 0xFD, 0xF9, 0xFC, 0xB8, 0xFC, 0x56, 0xFC, 0xF6, 0xFB,
    0xF5, 0xFB, 0xF5, 0xFB, 0xF6, 0xFB, 0x37, 0xFC, 0x57, 0xFC, 0x16, 0xFC, 0x16, 0xFC, 0xD5, 0xF3,
    0xF5, 0xFB, 0xB4, 0xEB, 0x52, 0xD3, 0xCF, 0xB2, 0x00, 0x00, 0x00, 0x00, 0x00, 0x00, 0x00, 0x00,
    0x00, 0x00, 0x00, 0x00, 0x00, 0x00, 0x72, 0xC3, 0x16, 0xE4, 0x99, 0xFC, 0x78, 0xFC, 0x78, 0xFC,
    0xD9, 0xFC, 0x1A, 0xFD, 0x19, 0xFD, 0xF8, 0xFC, 0x19, 0xFD, 0x98, 0xFC, 0x57, 0xFC, 0x37, 0xFC,
    0x57, 0xFC, 0x37, 0xFC, 0x57, 0xFC, 0x37, 0xFC, 0xF5, 0xFB, 0xD5, 0xF3, 0xD5, 0xF3, 0xB4, 0xEB,
    0xB4, 0xEB, 0xB4, 0xEB, 0x52, 0xD3, 0xF0, 0xBA, 0xAE, 0xAA, 0x00, 0x00, 0x00, 0x00, 0x00, 0x00,
    0x00, 0x00, 0x00, 0x00, 0xF0, 0xAA, 0x73, 0xCB, 0x16, 0xEC, 0x58, 0xFC, 0xBA, 0xFC, 0xB9, 0xFC,
    0xD9, 0xFC, 0x97, 0xFC, 0xB8, 0xFC, 0xF9, 0xFC, 0xD9, 0xFC, 0x77, 0xFC, 0x36, 0xFC, 0x57, 0xFC,
    0xD5, 0xF3, 0x16, 0xFC, 0x16, 0xFC, 0xF5, 0xFB, 0x16, 0xFC, 0xD4, 0xF3, 0xD5, 0xF3, 0xD5, 0xF3,
    0x73, 0xE3, 0xF5, 0xFB, 0x93, 0xE3, 0x11, 0xC3, 0xAE, 0xAA, 0x00, 0x00, 0x00, 0x00, 0x00, 0x00,
    0x00, 0x00, 0x00, 0x00, 0x00, 0x00, 0x93, 0xD3, 0x78, 0xF4, 0x57, 0xFC, 0x99, 0xFC, 0x99, 0xFC,
    0xB9, 0xFC, 0x77, 0xFC, 0x98, 0xFC, 0x77, 0xFC, 0x77, 0xFC, 0x16, 0xFC, 0x16, 0xFC, 0xF5, 0xFB,
    0x37, 0xFC, 0xD4, 0xF3, 0xF5, 0xFB, 0x16, 0xFC, 0xD4, 0xF3, 0xD4, 0xF3, 0xF5, 0xFB, 0x93, 0xE3,
    0xD5, 0xFB, 0xD4, 0xF3, 0x73, 0xDB, 0x10, 0xC3, 0x00, 0x00, 0x00, 0x00, 0x00, 0x00, 0x00, 0x00,
    0x00, 0x00, 0x00, 0x00, 0x11, 0xBB, 0xB4, 0xDB, 0x37, 0xF4, 0xB9, 0xFC, 0x78, 0xFC, 0x57, 0xFC,
    0x58, 0xFC, 0x37, 0xFC, 0x36, 0xFC, 0x36, 0xFC, 0xF5, 0xFB, 0x57, 0xFC, 0x37, 0xFC, 0xD5, 0xF3,
    0x37, 0xFC, 0xD5, 0xF3, 0x16, 0xFC, 0xD4, 0xF3, 0xF5, 0xFB, 0x93, 0xE3, 0xF5, 0xFB, 0x73, 0xDB,
    0xD5, 0xF3, 0x93, 0xE3, 0x52, 0xD3, 0x31, 0xCB, 0xAF, 0xAA, 0x00, 0x00, 0x00, 0x00, 0x00, 0x00,
    0x00, 0x00, 0x00, 0x00, 0x10, 0xBB, 0xB4, 0xDB, 0x57, 0xFC, 0x99, 0xFC, 0x58, 0xFC, 0x16, 0xFC,
    0x57, 0xFC, 0x78, 0xFC, 0x78, 0xFC, 0x16, 0xFC, 0xF5, 0xFB, 0x37, 0xFC, 0xD5, 0xFB, 0xD5, 0xF3,
    0x37, 0xFC, 0xF5, 0xFB, 0xD4, 0xF3, 0xF5, 0xFB, 0x93, 0xE3, 0x93, 0xE3, 0x93, 0xE3, 0xB4, 0xEB,
    0xB4, 0xEB, 0x93, 0xE3, 0x72, 0xDB, 0x31, 0xCB, 0x00, 0x00, 0x00, 0x00, 0x00, 0x00, 0x00, 0x00,
    0x00, 0x00, 0x00, 0x00, 0x00, 0x00, 0xB4, 0xDB, 0x78, 0xF4, 0x37, 0xFC, 0x16, 0xFC, 0x57, 0xFC,
    0x58, 0xFC, 0x58, 0xFC, 0x57, 0xFC, 0x36, 0xFC, 0xF5, 0xFB, 0x36, 0xFC, 0xF5, 0xFB, 0x36, 0xFC,
    0x16, 0xFC, 0xD5, 0xF3, 0x16, 0xFC, 0xD4, 0xF3, 0xD5, 0xF3, 0xB4, 0xEB, 0xD5, 0xF3, 0x93, 0xE3,
    0xB4, 0xEB, 0xB4, 0xEB, 0x52, 0xD3, 0x31, 0xCB, 0x00, 0x00, 0x00, 0x00, 0x00, 0x00, 0x00, 0x00,
    0x00, 0x00, 0x00, 0x00, 0xF0, 0xB2, 0x73, 0xD3, 0x36, 0xF4, 0x98, 0xFC, 0x57, 0xFC, 0x16, 0xFC,
    0x58, 0xFC, 0x78, 0xFC, 0x16, 0xFC, 0x16, 0xFC, 0xF5, 0xFB, 0x37, 0xFC, 0xF5, 0xFB, 0x37, 0xFC,
    0xD5, 0xFB, 0x93, 0xE3, 0xD4, 0xF3, 0x93, 0xE3, 0x93, 0xE3, 0xD4, 0xF3, 0x93, 0xE3, 0x93, 0xE3,
    0xB4, 0xEB, 0xB4, 0xEB, 0x11, 0xC3, 0xF0, 0xBA, 0xAF, 0xAA, 0x8E, 0xA2, 0x00, 0x00, 0x00, 0x00,
    0x00, 0x00, 0x00, 0x00, 0xCF, 0xAA, 0x72, 0xCB, 0x36, 0xEC, 0x37, 0xFC, 0x98, 0xFC, 0x78, 0xFC,
    0x37, 0xFC, 0x16, 0xFC, 0x16, 0xFC, 0x37, 0xFC, 0x16, 0xFC, 0xD5, 0xF3, 0xD5, 0xF3, 0x16, 0xFC,
    0xF5, 0xFB, 0xB4, 0xEB, 0xB4, 0xEB, 0x73, 0xDB, 0xB4, 0xEB, 0xB4, 0xEB, 0x72, 0xDB, 0x93, 0xE3,
    0x72, 0xDB, 0x31, 0xCB, 0x31, 0xCB, 0xCF, 0xB2, 0x00, 0x00, 0x8E, 0xA2, 0x00, 0x00, 0x00, 0x00,
    0x00, 0x00, 0x00, 0x00, 0x00, 0x00, 0x51, 0xC3, 0xF5, 0xE3, 0x78, 0xFC, 0xF6, 0xFB, 0x16, 0xFC,
    0xF5, 0xFB, 0x16, 0xFC, 0x37, 0xFC, 0xF5, 0xFB, 0xB4, 0xEB, 0xF5, 0xFB, 0xF5, 0xFB, 0xB4, 0xEB,
    0xF5, 0xFB, 0xD5, 0xF3, 0xF5, 0xFB, 0xB4, 0xEB, 0xB4, 0xEB, 0x93, 0xE3, 0x52, 0xD3, 0x93, 0xE3,
    0x31, 0xCB, 0x31, 0xCB, 0x31, 0xCB, 0xCF, 0xB2, 0x00, 0x00, 0x00, 0x00, 0x00, 0x00, 0x00, 0x00,
    0x00, 0x00, 0x00, 0x00, 0x00, 0x00, 0x10, 0xBB, 0x93, 0xD3, 0x37, 0xF4, 0x16, 0xFC, 0x37, 0xFC,
    0x36, 0xFC, 0xF5, 0xFB, 0x16, 0xFC, 0xD4, 0xF3, 0xF5, 0xFB, 0x16, 0xFC, 0xD5, 0xF3, 0xB4, 0xEB,
    0xD4, 0xF3, 0xF5, 0xFB, 0xD5, 0xF3, 0x73, 0xDB, 0xB4, 0xEB, 0x73, 0xE3, 0x93, 0xE3, 0x93, 0xE3,
    0x93, 0xE3, 0x52, 0xD3, 0xCF, 0xB2, 0xAF, 0xAA, 0x00, 0x00, 0x00, 0x00, 0x00, 0x00, 0x00, 0x00,
    0x00, 0x00, 0x00, 0x00, 0x00, 0x00, 0xAF, 0xAA, 0x31, 0xCB, 0xD4, 0xE3, 0x37, 0xFC, 0x16, 0xFC,
    0xF5, 0xFB, 0x37, 0xFC, 0xD5, 0xF3, 0xD4, 0xF3, 0xB4, 0xEB, 0x93, 0xE3, 0x93, 0xE3, 0x93, 0xE3,
    0x93, 0xE3, 0x93, 0xE3, 0x52, 0xD3, 0x93, 0xE3, 0x93, 0xE3, 0x72, 0xDB, 0x73, 0xDB, 0x73, 0xDB,
    0x93, 0xE3, 0x11, 0xC3, 0xCF, 0xB2, 0x8E, 0xA2, 0x00, 0x00, 0x00, 0x00, 0x00, 0x00, 0x00, 0x00,
    0x00, 0x00, 0x00, 0x00, 0x00, 0x00, 0x00, 0x00, 0xF0, 0xBA, 0x52, 0xD3, 0xB4, 0xEB, 0x16, 0xFC,
    0x16, 0xFC, 0xF6, 0xFB, 0x36, 0xFC, 0x16, 0xFC, 0xF5, 0xFB, 0xB4, 0xEB, 0xD5, 0xF3, 0xB4, 0xEB,
    0x93, 0xE3, 0x72, 0xDB, 0x93, 0xE3, 0x72, 0xDB, 0x72, 0xDB, 0x52, 0xD3, 0x31, 0xCB, 0x52, 0xD3,
    0x31, 0xCB, 0xCF, 0xB2, 0xAE, 0xAA, 0x00, 0x00, 0x00, 0x00, 0x00, 0x00, 0x00, 0x00, 0x00, 0x00,
    0x00, 0x00, 0x00, 0x00, 0x00, 0x00, 0x00, 0x00, 0x00, 0x00, 0x10, 0xBB, 0x93, 0xDB, 0x93, 0xE3,
    0x37, 0xFC, 0xD5, 0xF3, 0xB4, 0xEB, 0xB4, 0xEB, 0x93, 0xE3, 0x93, 0xE3, 0xD4, 0xF3, 0x93, 0xE3,
    0x94, 0xE3, 0x73, 0xDB, 0x93, 0xE3, 0x73, 0xDB, 0x73, 0xDB, 0x73, 0xDB, 0x52, 0xD3, 0x11, 0xC3,
    0xF0, 0xBA, 0xAE, 0xAA, 0x00, 0x00, 0x00, 0x00, 0x00, 0x00, 0x00, 0x00, 0x00, 0x00, 0x00, 0x00,
    0x00, 0x00, 0x00, 0x00, 0x00, 0x00, 0x00, 0x00, 0x00, 0x00, 0x00, 0x00, 0x31, 0xC3, 0x72, 0xDB,
    0x93, 0xE3, 0xB4, 0xEB, 0x94, 0xEB, 0x93, 0xE3, 0xD4, 0xF3, 0x93, 0xE3, 0x73, 0xDB, 0x72, 0xDB,
    0x72, 0xDB, 0x94, 0xEB, 0x52, 0xD3, 0x73, 0xE3, 0x72, 0xDB, 0x93, 0xE3, 0x31, 0xCB, 0xF0, 0xBA,
    0xCF, 0xB2, 0x00, 0x00, 0x00, 0x00, 0x00, 0x00, 0x00, 0x00, 0x00, 0x00, 0x00, 0x00, 0x00, 0x00,
    0x00, 0x00, 0x00, 0x00, 0x00, 0x00, 0x00, 0x00, 0x00, 0x00, 0xAE, 0xAA, 0x00, 0x00, 0x10, 0xBB,
    0x52, 0xD3, 0x72, 0xDB, 0xB4, 0xEB, 0xD4, 0xF3, 0x93, 0xE3, 0x93, 0xE3, 0x93, 0xE3, 0x73, 0xDB,
    0xB4, 0xEB, 0x93, 0xE3, 0x72, 0xDB, 0x52, 0xD3, 0x10, 0xC3, 0xF0, 0xBA, 0xF0, 0xBA, 0xCF, 0xB2,
    0x8E, 0xA2, 0x00, 0x00, 0x00, 0x00, 0x00, 0x00, 0x00, 0x00, 0x00, 0x00, 0x00, 0x00, 0x00, 0x00,
    0x00, 0x00, 0x00, 0x00, 0x00, 0x00, 0x00, 0x00, 0x00, 0x00, 0x00, 0x00, 0x00, 0x00, 0x00, 0x00,
    0xCF, 0xB2, 0x10, 0xC3, 0x52, 0xD3, 0x31, 0xCB, 0x93, 0xE3, 0x52, 0xD3, 0xB4, 0xEB, 0x52, 0xD3,
    0x31, 0xCB, 0x72, 0xDB, 0x11, 0xC3, 0x31, 0xCB, 0x10, 0xC3, 0xCF, 0xB2, 0xAE, 0xAA, 0x00, 0x00,
    0x00, 0x00, 0x00, 0x00, 0x00, 0x00, 0x00, 0x00, 0x00, 0x00, 0x00, 0x00, 0x00, 0x00, 0x00, 0x00,
    0x00, 0x00, 0x00, 0x00, 0x00, 0x00, 0x00, 0x00, 0x00, 0x00, 0x00, 0x00, 0x00, 0x00, 0x00, 0x00,
    0x00, 0x00, 0xAE, 0xAA, 0xCF, 0xB2, 0xEF, 0xBA, 0x10, 0xC3, 0x11, 0xC3, 0xF0, 0xBA, 0x11, 0xC3,
    0x10, 0xC3, 0xCF, 0xB2, 0xCF, 0xB2, 0xCF, 0xB2, 0xAE, 0xAA, 0x8E, 0xA2, 0x00, 0x00, 0x00, 0x00,
    0x00, 0x00, 0x00, 0x00, 0x00, 0x00, 0x00, 0x00, 0x00, 0x00, 0x00, 0x00, 0x00, 0x00, 0x00, 0x00,
    0x00, 0x00, 0x00, 0x00, 0x00, 0x00, 0x00, 0x00, 0x00, 0x00, 0x00, 0x00, 0x00, 0x00, 0x00, 0x00,
    0x00, 0x00, 0xAE, 0xAA, 0x00, 0x00, 0x00, 0x00, 0xAE, 0xAA, 0x00, 0x00, 0xAF, 0xAA, 0xAF, 0xAA,
    0x00, 0x00, 0x00, 0x00, 0x8E, 0xA2, 0x00, 0x00, 0x00, 0x00, 0x8E, 0xA2, 0x00, 0x00, 0x00, 0x00,
    0x00, 0x00, 0x00, 0x00, 0x00, 0x00, 0x00, 0x00, 0x00, 0x00, 0x00, 0x00, 0x00, 0x00, 0x00, 0x00,
    0x00, 0x00, 0x00, 0x00, 0x00, 0x00, 0x00, 0x00, 0x00, 0x00, 0x00, 0x00, 0x00, 0x00, 0x00, 0x00,
    0x00, 0x00, 0x00, 0x00, 0x00, 0x00, 0x00, 0x00, 0x00, 0x00, 0x00, 0x00, 0x00, 0x00, 0x8E, 0xA2,
    0x00, 0x00, 0x00, 0x00, 0x00, 0x00, 0x00, 0x00, 0x00, 0x00, 0x00, 0x00, 0x00, 0x00, 0x00, 0x00,
    0x00, 0x00, 0x00, 0x00, 0x00, 0x00, 0x00, 0x00, 0x00, 0x00, 0x00, 0x00, 0x00, 0x00, 0x00, 0x00,
    0x00, 0x00, 0x00, 0x00, 0x00, 0x00, 0x00, 0x00, 0x00, 0x00, 0x00, 0x00, 0x00, 0x00, 0x00, 0x00,
    0x00, 0x00, 0x00, 0x00, 0x00, 0x00, 0x00, 0x00, 0x00, 0x00, 0x00, 0x00, 0x00, 0x00, 0x00, 0x00,
    0x00, 0x00, 0x00, 0x00, 0x00, 0x00, 0x00, 0x00, 0x00, 0x00, 0x00, 0x00, 0x00, 0x00, 0x00, 0x00,
    0x00, 0x00, 0x00, 0x00, 0x00, 0x00, 0x00, 0x00, 0x00, 0x00, 0x00, 0x00, 0x00, 0x00, 0x00, 0x00,
    0x00, 0x00, 0x00, 0x00, 0x00, 0x00, 0x00, 0x00, 0x00, 0x00, 0x00, 0x00, 0x00, 0x00, 0x00, 0x00,
    0x00, 0x00, 0x00, 0x00, 0x00, 0x00, 0x00, 0x00, 0x00, 0x00, 0x00, 0x00, 0x00, 0x00, 0x00, 0x00,
    0x00, 0x00, 0x00, 0x00, 0x00, 0x00, 0x00, 0x00, 0x00, 0x00, 0x00, 0x00, 0x00, 0x00, 0x00, 0x00,
    0x00, 0x00, 0x00, 0x00, 0x00, 0x00, 0x00, 0x00, 0x00, 0x00, 0x00, 0x00, 0x00, 0x00, 0x00, 0x00,
    0x00, 0x00, 0x00, 0x00, 0x00, 0x00, 0x00, 0x00, 0x00, 0x00, 0x00, 0x00, 0x00, 0x00, 0x00, 0x00,
    0x00, 0x00, 0x00, 0x00, 0x00, 0x00, 0x00, 0x00, 0x00, 0x00, 0x00, 0x00, 0x00, 0x00, 0x00, 0x00,
    0x00, 0x00, 0x00, 0x00, 0x00, 0x00, 0x00, 0x00, 0x00, 0x00, 0x00, 0x00, 0x00, 0x00, 0x00, 0x00,
    0x00, 0x00, 0x00, 0x00, 0x00, 0x00, 0x00, 0x00, 0x00, 0x00, 0x00, 0x00, 0x00, 0x00, 0x00, 0x00,
    0x00, 0x00, 0x00, 0x00, 0x00, 0x00, 0x00, 0x00, 0x00, 0x00, 0x00, 0x00, 0xFF, 0xFF, 0x00, 0x00,
    0x00, 0x00, 0xFF, 0x00, 0xFF, 0x00, 0x00, 0x00, 0x00, 0x00, 0x00, 0x00, 0x00, 0x00, 0x00, 0x00,
    0x00, 0x00, 0x00, 0x00, 0x00, 0x00, 0x00, 0x00, 0x00, 0xFF, 0xFF, 0xFF, 0xFF, 0xFF, 0xFF, 0xFF,
    0xFF, 0xFF, 0xFF, 0xFF, 0xFF, 0x00, 0x00, 0x00, 0x00, 0x00, 0x00, 0x00, 0x00, 0x00, 0x00, 0x00,
    0x00, 0x00, 0x00, 0x00, 0x00, 0x00, 0x00, 0x00, 0xFF, 0xFF, 0xFF, 0xFF, 0xFF, 0xFF, 0xFF, 0xFF,
    0xFF, 0xFF, 0xFF, 0xFF, 0xFF, 0xFF, 0xFF, 0x00, 0x00, 0x00, 0x00, 0x00, 0x00, 0x00, 0x00, 0x00,
    0x00, 0x00, 0x00, 0x00, 0x00, 0x00, 0x00, 0xFF, 0xFF, 0xFF, 0xFF, 0xFF, 0xFF, 0xFF, 0xFF, 0xFF,
    0xFF, 0xFF, 0xFF, 0xFF, 0xFF, 0xFF, 0xFF, 0xFF, 0xFF, 0x00, 0x00, 0x00, 0x00, 0x00, 0x00, 0x00,
    0x00, 0x00, 0x00, 0x00, 0x00, 0x00, 0xFF, 0xFF, 0xFF, 0xFF, 0xFF, 0xFF, 0xFF, 0xFF, 0xFF, 0xFF,
    0xFF, 0xFF, 0xFF, 0xFF, 0xFF, 0xFF, 0xFF, 0xFF, 0xFF, 0x00, 0x00, 0x00, 0x00, 0x00, 0x00, 0x00,
    0x00, 0x00, 0x00, 0x00, 0x00, 0xFF, 0xFF, 0xFF, 0xFF, 0xFF, 0xFF, 0xFF, 0xFF, 0xFF, 0xFF, 0xFF,
    0xFF, 0xFF, 0xFF, 0xFF, 0xFF, 0xFF, 0xFF, 0xFF, 0xFF, 0xFF, 0xFF, 0x00, 0x00, 0x00, 0x00, 0x00,
    0x00, 0x00, 0x00, 0xFF, 0xFF, 0xFF, 0xFF, 0xFF, 0xFF, 0xFF, 0xFF, 0xFF, 0xFF, 0xFF, 0xFF, 0xFF,
    0xFF, 0xFF, 0xFF, 0xFF, 0xFF, 0xFF, 0xFF, 0xFF, 0xFF, 0xFF, 0xFF, 0xFF, 0x00, 0x00, 0x00, 0x00,
    0x00, 0x00, 0xFF, 0xFF, 0xFF, 0xFF, 0xFF, 0xFF, 0xFF, 0xFF, 0xFF, 0xFF, 0xFF, 0xFF, 0xFF, 0xFF,
    0xFF, 0xFF, 0xFF, 0xFF, 0xFF, 0xFF, 0xFF, 0xFF, 0xFF, 0xFF, 0xFF, 0xFF, 0x00, 0x00, 0x00, 0x00,
    0x00, 0x00, 0x00, 0xFF, 0xFF, 0xFF, 0xFF, 0xFF, 0xFF, 0xFF, 0xFF, 0xFF, 0xFF, 0xFF, 0xFF, 0xFF,
    0xFF, 0xFF, 0xFF, 0xFF, 0xFF, 0xFF, 0xFF, 0xFF, 0xFF, 0xFF, 0xFF, 0xFF, 0x00, 0x00, 0x00, 0x00,
    0x00, 0x00, 0x00, 0xFF, 0xFF, 0xFF, 0xFF, 0xFF, 0xFF, 0xFF, 0xFF, 0xFF, 0xFF, 0xFF, 0xFF, 0xFF,
    0xFF, 0xFF, 0xFF, 0xFF, 0xFF, 0xFF, 0xFF, 0xFF, 0xFF, 0xFF, 0xFF, 0xFF, 0xFF, 0x00, 0x00, 0x00,
    0x00, 0x00, 0xFF, 0xFF, 0xFF, 0xFF, 0xFF, 0xFF, 0xFF, 0xFF, 0xFF, 0xFF, 0xFF, 0xFF, 0xFF, 0xFF,
    0xFF, 0xFF, 0xFF, 0xFF, 0xFF, 0xFF, 0xFF, 0xFF, 0xFF, 0xFF, 0xFF, 0xFF, 0xFF, 0x00, 0x00, 0x00,
    0x00, 0x00, 0x00, 0xFF, 0xFF, 0xFF, 0xFF, 0xFF, 0xFF, 0xFF, 0xFF, 0xFF, 0xFF, 0xFF, 0xFF, 0xFF,
    0xFF, 0xFF, 0xFF, 0xFF, 0xFF, 0xFF, 0xFF, 0xFF, 0xFF, 0xFF, 0xFF, 0xFF, 0x00, 0x00, 0x00, 0x00,
    0x00, 0x00, 0xFF, 0xFF, 0xFF, 0xFF, 0xFF, 0xFF, 0xFF, 0xFF, 0xFF, 0xFF, 0xFF, 0xFF, 0xFF, 0xFF,
    0xFF, 0xFF, 0xFF, 0xFF, 0xFF, 0xFF, 0xFF, 0xFF, 0xFF, 0xFF, 0xFF, 0xFF, 0xFF, 0x00, 0x00, 0x00,
    0x00, 0x00, 0xFF, 0xFF, 0xFF, 0xFF, 0xFF, 0xFF, 0xFF, 0xFF, 0xFF, 0xFF, 0xFF, 0xFF, 0xFF, 0xFF,
    0xFF, 0xFF, 0xFF, 0xFF, 0xFF, 0xFF, 0xFF, 0xFF, 0xFF, 0xFF, 0xFF, 0xFF, 0x00, 0x00, 0x00, 0x00,
    0x00, 0x00, 0x00, 0xFF, 0xFF, 0xFF, 0xFF, 0xFF, 0xFF, 0xFF, 0xFF, 0xFF, 0xFF, 0xFF, 0xFF, 0xFF,
    0xFF, 0xFF, 0xFF, 0xFF, 0xFF, 0xFF, 0xFF, 0xFF, 0xFF, 0xFF, 0xFF, 0xFF, 0x00, 0x00, 0x00, 0x00,
    0x00, 0x00, 0xFF, 0xFF, 0xFF, 0xFF, 0xFF, 0xFF, 0xFF, 0xFF, 0xFF, 0xFF, 0xFF, 0xFF, 0xFF, 0xFF,
    0xFF, 0xFF, 0xFF, 0xFF, 0xFF, 0xFF, 0xFF, 0xFF, 0xFF, 0xFF, 0xFF, 0xFF, 0xFF, 0xFF, 0x00, 0x00,
    0x00, 0x00, 0xFF, 0xFF, 0xFF, 0xFF, 0xFF, 0xFF, 0xFF, 0xFF, 0xFF, 0xFF, 0xFF, 0xFF, 0xFF, 0xFF,
    0xFF, 0xFF, 0xFF, 0xFF, 0xFF, 0xFF, 0xFF, 0xFF, 0xFF, 0xFF, 0xFF, 0xFF, 0x00, 0xFF, 0x00, 0x00,
    0x00, 0x00, 0x00, 0xFF, 0xFF, 0xFF, 0xFF, 0xFF, 0xFF, 0xFF, 0xFF, 0xFF, 0xFF, 0xFF, 0xFF, 0xFF,
    0xFF, 0xFF, 0xFF, 0xFF, 0xFF, 0xFF, 0xFF, 0xFF, 0xFF, 0xFF, 0xFF, 0xFF, 0x00, 0x00, 0x00, 0x00,
    0x00, 0x00, 0x00, 0xFF, 0xFF, 0xFF, 0xFF, 0xFF, 0xFF, 0xFF, 0xFF, 0xFF, 0xFF, 0xFF, 0xFF, 0xFF,
    0xFF, 0xFF, 0xFF, 0xFF, 0xFF, 0xFF, 0xFF, 0xFF, 0xFF, 0xFF, 0xFF, 0xFF, 0x00, 0x00, 0x00, 0x00,
    0x00, 0x00, 0x00, 0xFF, 0xFF, 0xFF, 0xFF, 0xFF, 0xFF, 0xFF, 0xFF, 0xFF, 0xFF, 0xFF, 0xFF, 0xFF,
    0xFF, 0xFF, 0xFF, 0xFF, 0xFF, 0xFF, 0xFF, 0xFF, 0xFF, 0xFF, 0xFF, 0xFF, 0x00, 0x00, 0x00, 0x00,
    0x00, 0x00, 0x00, 0x00, 0xFF, 0xFF, 0xFF, 0xFF, 0xFF, 0xFF, 0xFF, 0xFF, 0xFF, 0xFF, 0xFF, 0xFF,
    0xFF, 0xFF, 0xFF, 0xFF, 0xFF, 0xFF, 0xFF, 0xFF, 0xFF, 0xFF, 0xFF, 0x00, 0x00, 0x00, 0x00, 0x00,
    0x00, 0x00, 0x00, 0x00, 0x00, 0xFF, 0xFF, 0xFF, 0xFF, 0xFF, 0xFF, 0xFF, 0xFF, 0xFF, 0xFF, 0xFF,
    0xFF, 0xFF, 0xFF, 0xFF, 0xFF, 0xFF, 0xFF, 0xFF, 0xFF, 0xFF, 0x00, 0x00, 0x00, 0x00, 0x00, 0x00,
    0x00, 0x00, 0x00, 0x00, 0x00, 0x00, 0xFF, 0xFF, 0xFF, 0xFF, 0xFF, 0xFF, 0xFF, 0xFF, 0xFF, 0xFF,
    0xFF, 0xFF, 0xFF, 0xFF, 0xFF, 0xFF, 0xFF, 0xFF, 0xFF, 0x00, 0x00, 0x00, 0x00, 0x00, 0x00, 0x00,
    0x00, 0x00, 0x00, 0x00, 0x00, 0xFF, 0x00, 0xFF, 0xFF, 0xFF, 0xFF, 0xFF, 0xFF, 0xFF, 0xFF, 0xFF,
    0xFF, 0xFF, 0xFF, 0xFF, 0xFF, 0xFF, 0xFF, 0xFF, 0xFF, 0x00, 0x00, 0x00, 0x00, 0x00, 0x00, 0x00,
    0x00, 0x00, 0x00, 0x00, 0x00, 0x00, 0x00, 0x00, 0xFF, 0xFF, 0xFF, 0xFF, 0xFF, 0xFF, 0xFF, 0xFF,
    0xFF, 0xFF, 0xFF, 0xFF, 0xFF, 0xFF, 0xFF, 0x00, 0x00, 0x00, 0x00, 0x00, 0x00, 0x00, 0x00, 0x00,
    0x00, 0x00, 0x00, 0x00, 0x00, 0x00, 0x00, 0x00, 0x00, 0xFF, 0xFF, 0xFF, 0xFF, 0xFF, 0xFF, 0xFF,
    0xFF, 0xFF, 0xFF, 0xFF, 0xFF, 0xFF, 0x00, 0x00, 0x00, 0x00, 0x00, 0x00, 0x00, 0x00, 0x00, 0x00,
    0x00, 0x00, 0x00, 0x00, 0x00, 0x00, 0x00, 0x00, 0x00, 0xFF, 0x00, 0x00, 0xFF, 0x00, 0xFF, 0xFF,
    0x00, 0x00, 0xFF, 0x00, 0x00, 0xFF, 0x00, 0x00, 0x00, 0x00, 0x00, 0x00, 0x00, 0x00, 0x00, 0x00,
    0x00, 0x00, 0x00, 0x00, 0x00, 0x00, 0x00, 0x00, 0x00, 0x00, 0x00, 0x00, 0x00, 0x00, 0x00, 0xFF,
    0x00, 0x00, 0x00, 0x00, 0x00, 0x00, 0x00, 0x00, 0x00, 0x00, 0x00, 0x00, 0x00, 0x00, 0x00, 0x00,
    0x00, 0x00, 0x00, 0x00, 0x00, 0x00, 0x00, 0x00, 0x00, 0x00, 0x00, 0x00, 0x00, 0x00, 0x00, 0x00,
    0x00, 0x00, 0x00, 0x00, 0x00, 0x00, 0x00, 0x00, 0x00, 0x00, 0x00, 0x00, 0x00, 0x00, 0x00, 0x00,
    0x00, 0x00, 0x00, 0x00, 0x00, 0x00, 0x00, 0x00, 0x00, 0x00, 0x00, 0x00, 0x00, 0x00, 0x00, 0x00,
    0x00, 0x00, 0x00, 0x00, 0x00, 0x00, 0x00, 0x00, 0x00, 0x00, 0x00, 0x00, 0x00, 0x00, 0x00, 0x00,
};

const lv_image_dsc_t tribe_icon_ball_pink = {
    .header = {
        .magic  = LV_IMAGE_HEADER_MAGIC,
        .cf     = LV_COLOR_FORMAT_RGB565A8,
        .flags  = 0,
        .w      = 32,
        .h      = 32,
        .stride = 64,
    },
    .data_size = sizeof(tribe_icon_ball_pink_map),
    .data      = tribe_icon_ball_pink_map,
};

static const uint8_t tribe_icon_ball_red_map[] = {
    0x00, 0x00, 0x00, 0x00, 0x00, 0x00, 0x00, 0x00, 0x00, 0x00, 0x00, 0x00, 0x00, 0x00, 0x00, 0x00,
    0x00, 0x00, 0x00, 0x00, 0x00, 0x00, 0x00, 0x00, 0x00, 0x00, 0x00, 0x00, 0x00, 0x00, 0x00, 0x00,
    0x00, 0x00, 0x00, 0x00, 0x00, 0x00, 0x00, 0x00, 0x00, 0x00, 0x00, 0x00, 0x00, 0x00, 0x00, 0x00,
    0x00, 0x00, 0x00, 0x00, 0x00, 0x00, 0x00, 0x00, 0x00, 0x00, 0x00, 0x00, 0x00, 0x00, 0x00, 0x00,
    0x00, 0x00, 0x00, 0x00, 0x00, 0x00, 0x00, 0x00, 0x00, 0x00, 0x00, 0x00, 0x00, 0x00, 0x00, 0x00,
    0x00, 0x00, 0x00, 0x00, 0x00, 0x00, 0x00, 0x00, 0x00, 0x00, 0x00, 0x00, 0x00, 0x00, 0x00, 0x00,
    0xA2, 0x98, 0x00, 0x00, 0x00, 0x00, 0x00, 0x00, 0x00, 0x00, 0x00, 0x00, 0x00, 0x00, 0x00, 0x00,
    0x00, 0x00, 0x00, 0x00, 0x00, 0x00, 0x00, 0x00, 0x00, 0x00, 0x00, 0x00, 0x00, 0x00, 0x00, 0x00,
    0x00, 0x00, 0x00, 0x00, 0x00, 0x00, 0x00, 0x00, 0x00, 0x00, 0x00, 0x00, 0x00, 0x00, 0x00, 0x00,
    0x00, 0x00, 0x00, 0x00, 0x00, 0x00, 0x00, 0x00, 0xA2, 0x98, 0xC3, 0xA0, 0x00, 0x00, 0xC3, 0xA8,
    0xC3, 0xA8, 0xA2, 0xA0, 0x00, 0x00, 0xA2, 0x98, 0x00, 0x00, 0x00, 0x00, 0x00, 0x00, 0x00, 0x00,
    0x00, 0x00, 0x00, 0x00, 0x00, 0x00, 0x00, 0x00, 0x00, 0x00, 0x00, 0x00, 0x00, 0x00, 0x00, 0x00,
    0x00, 0x00, 0x00, 0x00, 0x00, 0x00, 0x00, 0x00, 0x00, 0x00, 0x00, 0x00, 0x00, 0x00, 0x00, 0x00,
    0x00, 0x00, 0xA2, 0x98, 0xC3, 0xA8, 0xE3, 0xB8, 0xE3, 0xC0, 0xE3, 0xC8, 0xE3, 0xD0, 0xE3, 0xC8,
    0xE3, 0xD0, 0xE3, 0xC0, 0xC3, 0xC0, 0xC3, 0xB0, 0xC3, 0xA8, 0xA2, 0x98, 0xA2, 0x98, 0xA2, 0x98,
    0x00, 0x00, 0x00, 0x00, 0x00, 0x00, 0x00, 0x00, 0x00, 0x00, 0x00, 0x00, 0x00, 0x00, 0x00, 0x00,
    0x00, 0x00, 0x00, 0x00, 0x00, 0x00, 0x00, 0x00, 0x00, 0x00, 0x00, 0x00, 0xA2, 0x98, 0xA2, 0x98,
    0xC3, 0xA8, 0xE3, 0xB8, 0x04, 0xC9, 0x04, 0xD9, 0x04, 0xE1, 0x24, 0xF1, 0x04, 0xE9, 0x04, 0xE9,
    0x04, 0xF1, 0x04, 0xE9, 0x04, 0xE1, 0xE3, 0xC8, 0xE3, 0xC0, 0xC3, 0xB8, 0xA2, 0xA0, 0xA2, 0x90,
    0x00, 0x00, 0x00, 0x00, 0x00, 0x00, 0x00, 0x00, 0x00, 0x00, 0x00, 0x00, 0x00, 0x00, 0x00, 0x00,
    0x00, 0x00, 0x00, 0x00, 0x00, 0x00, 0x00, 0x00, 0x00, 0x00, 0xA2, 0x98, 0xA2, 0x98, 0xC3, 0xB0,
    0xE3, 0xC8, 0x04, 0xD9, 0x24, 0xF1, 0x24, 0xF9, 0x24, 0xF9, 0x24, 0xF9, 0x24, 0xF9, 0x04, 0xF1,
    0x04, 0xF9, 0x04, 0xF1, 0x04, 0xE1, 0x24, 0xF9, 0x04, 0xE1, 0xE3, 0xD0, 0xE3, 0xC0, 0xC3, 0xA8,
    0x00, 0x00, 0x00, 0x00, 0x00, 0x00, 0x00, 0x00, 0x00, 0x00, 0x00, 0x00, 0x00, 0x00, 0x00, 0x00,
    0x00, 0x00, 0x00, 0x00, 0x00, 0x00, 0x00, 0x00, 0x00, 0x00, 0xA2, 0x98, 0xC3, 0xB0, 0xE3, 0xD0,
    0x04, 0xE9, 0x24, 0xF9, 0x45, 0xF9, 0x24, 0xF9, 0x04, 0xF1, 0x24, 0xF9, 0x24, 0xF9, 0x04, 0xF1,
    0x04, 0xE9, 0x24, 0xF9, 0x04, 0xF1, 0x04, 0xF1, 0x04, 0xF1, 0x04, 0xE9, 0xE3, 0xD8, 0xC3, 0xB8,
    0xC3, 0xA8, 0xA2, 0x90, 0x00, 0x00, 0x00, 0x00, 0x00, 0x00, 0x00, 0x00, 0x00, 0x00, 0x00, 0x00,
    0x00, 0x00, 0x00, 0x00, 0x00, 0x00, 0x00, 0x00, 0xA2, 0x98, 0xC3, 0xB0, 0xE3, 0xD0, 0x24, 0xE9,
    0x45, 0xF9, 0x86, 0xF9, 0xA6, 0xF9, 0xA6, 0xF9, 0x65, 0xF9, 0x24, 0xE9, 0x04, 0xF9, 0x04, 0xE9,
    0x04, 0xE9, 0x24, 0xF9, 0x24, 0xF9, 0x04, 0xE1, 0x04, 0xF1, 0xE3, 0xD8, 0xE3, 0xD0, 0x04, 0xD9,
    0xE3, 0xC0, 0xC3, 0xA8, 0xA2, 0x90, 0x00, 0x00, 0x00, 0x00, 0x00, 0x00, 0x00, 0x00, 0x00, 0x00,
    0x00, 0x00, 0x00, 0x00, 0x00, 0x00, 0x00, 0x00, 0xC3, 0xA8, 0xE3, 0xC8, 0x24, 0xE9, 0x24, 0xF9,
    0x86, 0xF9, 0xE7, 0xF9, 0x08, 0xFA, 0x08, 0xFA, 0xC7, 0xE9, 0x65, 0xF1, 0x24, 0xE9, 0x04, 0xE1,
    0x04, 0xE1, 0x04, 0xE9, 0x04, 0xE1, 0x04, 0xE1, 0x04, 0xD9, 0xE3, 0xD0, 0xE3, 0xD0, 0x04, 0xE9,
    0xE3, 0xC8, 0xC3, 0xA8, 0xA2, 0xA0, 0x00, 0x00, 0x00, 0x00, 0x00, 0x00, 0x00, 0x00, 0x00, 0x00,
    0x00, 0x00, 0x00, 0x00, 0x00, 0x00, 0xA2, 0x98, 0xE3, 0xB8, 0x04, 0xD9, 0x24, 0xF9, 0x65, 0xF9,
    0xC7, 0xF1, 0x28, 0xFA, 0x69, 0xF2, 0x69, 0xF2, 0x28, 0xF2, 0xC7, 0xF9, 0x45, 0xF1, 0x24, 0xF9,
    0x04, 0xE9, 0x04, 0xE1, 0x04, 0xE9, 0x04, 0xE9, 0x04, 0xE9, 0x04, 0xE1, 0x04, 0xD9, 0xE3, 0xD0,
    0xE3, 0xD8, 0xC3, 0xB8, 0xC3, 0xB0, 0x00, 0x00, 0x00, 0x00, 0x00, 0x00, 0x00, 0x00, 0x00, 0x00,
    0x00, 0x00, 0x00, 0x00, 0x00, 0x00, 0xC3, 0xA8, 0xE3, 0xC8, 0x24, 0xF1, 0x24, 0xF9, 0x86, 0xF9,
    0xE7, 0xF9, 0x69, 0xFA, 0xCB, 0xFA, 0xCB, 0xFA, 0x49, 0xEA, 0xC7, 0xF1, 0x45, 0xE1, 0x24, 0xF9,
    0x04, 0xD9, 0x04, 0xF1, 0x04, 0xE9, 0xE3, 0xD8, 0x04, 0xE1, 0xE3, 0xD8, 0x04, 0xE1, 0xE3, 0xD8,
    0xE3, 0xC8, 0xE3, 0xC0, 0xC3, 0xA8, 0xA2, 0x98, 0xA2, 0x90, 0x00, 0x00, 0x00, 0x00, 0x00, 0x00,
    0x00, 0x00, 0x00, 0x00, 0x00, 0x00, 0xC3, 0xB8, 0xE3, 0xD8, 0x24, 0xF9, 0x24, 0xF9, 0x65, 0xF9,
    0xC7, 0xF9, 0x49, 0xFA, 0x8A, 0xF2, 0x8A, 0xF2, 0x28, 0xF2, 0xA6, 0xE9, 0x45, 0xE1, 0x04, 0xE9,
    0x04, 0xE1, 0x04, 0xE1, 0x04, 0xE9, 0xE3, 0xD0, 0x04, 0xE9, 0xE3, 0xD0, 0x04, 0xE1, 0x04, 0xE1,
    0xE3, 0xD0, 0xE3, 0xD8, 0xC3, 0xB8, 0xA2, 0xA0, 0x00, 0x00, 0x00, 0x00, 0x00, 0x00, 0x00, 0x00,
    0x00, 0x00, 0xA2, 0x98, 0xA2, 0x98, 0xE3, 0xC0, 0x04, 0xE9, 0x04, 0xF1, 0x24, 0xF9, 0x45, 0xF9,
    0xA6, 0xF9, 0xE7, 0xF1, 0x08, 0xEA, 0x08, 0xF2, 0xE7, 0xE9, 0x86, 0xF1, 0x24, 0xE9, 0x04, 0xE1,
    0x04, 0xE1, 0xE3, 0xD8, 0xE3, 0xD0, 0x04, 0xE1, 0x04, 0xE1, 0x04, 0xE1, 0xE3, 0xC8, 0xE3, 0xD0,
    0xE3, 0xD0, 0xE3, 0xC8, 0xC3, 0xB8, 0xC3, 0xA8, 0x00, 0x00, 0x00, 0x00, 0x00, 0x00, 0x00, 0x00,
    0x00, 0x00, 0x00, 0x00, 0xA2, 0xA0, 0xE3, 0xC8, 0x04, 0xF1, 0x24, 0xF9, 0x24, 0xF9, 0x24, 0xF9,
    0x45, 0xF9, 0x65, 0xF1, 0xA6, 0xF9, 0x86, 0xE9, 0x86, 0xF9, 0x24, 0xF1, 0x04, 0xE1, 0x04, 0xE1,
    0x04, 0xE9, 0xE3, 0xD0, 0x04, 0xE1, 0xE3, 0xD0, 0x04, 0xE1, 0xE3, 0xC8, 0xE3, 0xC8, 0xE3, 0xC8,
    0xE3, 0xD0, 0xE3, 0xC0, 0xE3, 0xC8, 0xC3, 0xB0, 0x00, 0x00, 0x00, 0x00, 0x00, 0x00, 0x00, 0x00,
    0x00, 0x00, 0x00, 0x00, 0x00, 0x00, 0xE3, 0xC8, 0x24, 0xF1, 0x24, 0xF9, 0x24, 0xF9, 0x24, 0xF9,
    0x04, 0xE9, 0x24, 0xF9, 0x24, 0xF9, 0x24, 0xF1, 0x04, 0xE9, 0x04, 0xE9, 0x04, 0xE9, 0x04, 0xE1,
    0x04, 0xE1, 0x04, 0xE9, 0xE3, 0xD8, 0xE3, 0xD8, 0xE3, 0xD0, 0xE3, 0xC8, 0xE3, 0xC8, 0xE3, 0xD0,
    0xE3, 0xC0, 0xE3, 0xC8, 0xC3, 0xC0, 0xC3, 0xA8, 0x00, 0x00, 0x00, 0x00, 0x00, 0x00, 0x00, 0x00,
    0x00, 0x00, 0x00, 0x00, 0x00, 0x00, 0xE3, 0xD0, 0x04, 0xF1, 0x04, 0xF1, 0x04, 0xF9, 0x04, 0xF1,
    0x24, 0xF9, 0x04, 0xF1, 0x04, 0xF9, 0x04, 0xF1, 0xE3, 0xD8, 0x04, 0xF1, 0xE3, 0xD8, 0x04, 0xE9,
    0x04, 0xE1, 0x04, 0xE1, 0x04, 0xE1, 0xE3, 0xD8, 0x04, 0xE1, 0xE3, 0xD0, 0xE3, 0xC0, 0xE3, 0xD0,
    0xE3, 0xC0, 0xE3, 0xC0, 0xC3, 0xB8, 0xC3, 0xA0, 0x00, 0x00, 0xA2, 0x90, 0x00, 0x00, 0x00, 0x00,
    0x00, 0x00, 0x00, 0x00, 0xC3, 0xA0, 0xE3, 0xC8, 0x04, 0xF1, 0x24, 0xF9, 0x04, 0xE9, 0x04, 0xF1,
    0x24, 0xF9, 0x04, 0xF1, 0x04, 0xE1, 0x04, 0xE1, 0xE3, 0xD8, 0x04, 0xE9, 0x04, 0xD9, 0xE3, 0xD0,
    0xE3, 0xD8, 0xE3, 0xD0, 0xE3, 0xC8, 0xE3, 0xC8, 0x04, 0xD9, 0xE3, 0xD0, 0xE3, 0xC8, 0xC3, 0xB8,
    0xC3, 0xB8, 0xE3, 0xD0, 0xC3, 0xB8, 0xC3, 0xB0, 0x00, 0x00, 0x00, 0x00, 0x00, 0x00, 0x00, 0x00,
    0x00, 0x00, 0xA2, 0x98, 0xA2, 0xA0, 0xE3, 0xC0, 0x04, 0xE9, 0x04, 0xE9, 0x04, 0xF1, 0x04, 0xE9,
    0x24, 0xF9, 0x04, 0xF1, 0x04, 0xF1, 0xE3, 0xD8, 0x04, 0xE1, 0xE3, 0xD8, 0x04, 0xE9, 0xE3, 0xD0,
    0xE3, 0xD8, 0xE3, 0xD8, 0xE3, 0xC8, 0xE3, 0xD8, 0xE3, 0xC0, 0xE3, 0xC0, 0xE3, 0xD0, 0xE3, 0xC0,
    0xE3, 0xC8, 0xC3, 0xB8, 0xC3, 0xB8, 0xC3, 0xA8, 0x00, 0x00, 0x00, 0x00, 0x00, 0x00, 0x00, 0x00,
    0x00, 0x00, 0x00, 0x00, 0xA2, 0x98, 0xE3, 0xC0, 0x04, 0xE1, 0x24, 0xF9, 0x04, 0xE1, 0x24, 0xF9,
    0x24, 0xF9, 0x04, 0xE1, 0x04, 0xE1, 0x04, 0xE1, 0x04, 0xE1, 0xE3, 0xD8, 0xE3, 0xD0, 0xE3, 0xD0,
    0xE3, 0xD0, 0x04, 0xD9, 0x04, 0xD9, 0xE3, 0xC8, 0xE3, 0xC8, 0xE3, 0xD0, 0xC3, 0xC0, 0xC3, 0xB8,
    0xE3, 0xC0, 0xC3, 0xB8, 0xC3, 0xB0, 0xC3, 0xA0, 0xA2, 0x90, 0x00, 0x00, 0x00, 0x00, 0x00, 0x00,
    0x00, 0x00, 0x00, 0x00, 0x00, 0x00, 0xC3, 0xB0, 0xE3, 0xC8, 0x24, 0xF9, 0x04, 0xE9, 0x04, 0xD9,
    0xE3, 0xD8, 0x04, 0xE1, 0x04, 0xE9, 0xE3, 0xD0, 0xE3, 0xD0, 0x04, 0xE9, 0x04, 0xE1, 0xE3, 0xD0,
    0xE3, 0xC8, 0xE3, 0xD8, 0xE3, 0xC0, 0xE3, 0xD0, 0xE3, 0xD0, 0xC3, 0xB8, 0xE3, 0xC0, 0xC3, 0xB8,
    0xE3, 0xC0, 0xC3, 0xB0, 0xC3, 0xA8, 0xA2, 0xA0, 0x00, 0x00, 0x00, 0x00, 0x00, 0x00, 0x00, 0x00,
    0x00, 0x00, 0x00, 0x00, 0x00, 0x00, 0xC3, 0xA8, 0xE3, 0xC0, 0x04, 0xE1, 0x04, 0xE1, 0x04, 0xE1,
    0x04, 0xE1, 0xE3, 0xD8, 0xE3, 0xD0, 0x04, 0xE9, 0x04, 0xE1, 0x04, 0xE1, 0x04, 0xE1, 0xE3, 0xC8,
    0xE3, 0xD0, 0xE3, 0xC0, 0xC3, 0xC0, 0xE3, 0xD0, 0xE3, 0xC0, 0xE3, 0xC0, 0xE3, 0xC8, 0xC3, 0xB8,
    0xE3, 0xC0, 0xC3, 0xB8, 0xC3, 0xA0, 0xA2, 0x98, 0x00, 0x00, 0x00, 0x00, 0x00, 0x00, 0x00, 0x00,
    0x00, 0x00, 0x00, 0x00, 0x00, 0x00, 0xA2, 0x98, 0xC3, 0xB8, 0xE3, 0xC8, 0x04, 0xE1, 0x04, 0xF1,
    0x04, 0xE9, 0xE3, 0xD0, 0xE3, 0xD0, 0xE3, 0xD0, 0x04, 0xE1, 0xE3, 0xD8, 0xE3, 0xD0, 0xE3, 0xD0,
    0xE3, 0xC0, 0xE3, 0xC8, 0xC3, 0xB8, 0xE3, 0xD0, 0xE3, 0xC8, 0xE3, 0xC8, 0xE3, 0xC0, 0xC3, 0xB8,
    0xE3, 0xC0, 0xC3, 0xA8, 0xA2, 0x98, 0x00, 0x00, 0xA2, 0x90, 0x00, 0x00, 0x00, 0x00, 0x00, 0x00,
    0x00, 0x00, 0x00, 0x00, 0x00, 0x00, 0x00, 0x00, 0xA2, 0xA0, 0xC3, 0xB0, 0xE3, 0xD0, 0xE3, 0xD0,
    0xE3, 0xD8, 0xE3, 0xD0, 0x04, 0xE1, 0xE3, 0xD0, 0x04, 0xE1, 0xE3, 0xD0, 0xE3, 0xC8, 0xE3, 0xD0,
    0xE3, 0xC0, 0xE3, 0xC8, 0xE3, 0xD0, 0xE3, 0xC8, 0xC3, 0xB8, 0xC3, 0xB8, 0xE3, 0xC0, 0xC3, 0xB8,
    0xC3, 0xA8, 0xA2, 0xA0, 0xA2, 0x90, 0x00, 0x00, 0x00, 0x00, 0x00, 0x00, 0x00, 0x00, 0x00, 0x00,
    0x00, 0x00, 0x00, 0x00, 0x00, 0x00, 0x00, 0x00, 0xA2, 0x98, 0xC3, 0xA0, 0xE3, 0xC0, 0xE3, 0xC8,
    0xE3, 0xD0, 0x04, 0xE9, 0x04, 0xE1, 0xE3, 0xC8, 0xE3, 0xC8, 0xE3, 0xC8, 0xE3, 0xC0, 0xE3, 0xD8,
    0xE3, 0xD0, 0xE3, 0xD0, 0xC3, 0xB8, 0xC3, 0xC0, 0xC3, 0xB0, 0xC3, 0xB8, 0xC3, 0xB0, 0xC3, 0xA0,
    0xC3, 0xA0, 0xA2, 0x90, 0x00, 0x00, 0x00, 0x00, 0x00, 0x00, 0x00, 0x00, 0x00, 0x00, 0x00, 0x00,
    0x00, 0x00, 0x00, 0x00, 0x00, 0x00, 0x00, 0x00, 0x00, 0x00, 0x00, 0x00, 0xC3, 0xA8, 0xC3, 0xB0,
    0xE3, 0xC8, 0xE3, 0xC8, 0x04, 0xD9, 0xE3, 0xC8, 0xE3, 0xC8, 0xE3, 0xC0, 0xE3, 0xC0, 0xE3, 0xD0,
    0xE3, 0xC0, 0xE3, 0xC0, 0xE3, 0xC8, 0xC3, 0xB8, 0xC3, 0xB8, 0xC3, 0xB8, 0xC3, 0xA8, 0xA2, 0x98,
    0xA2, 0x98, 0x00, 0x00, 0x00, 0x00, 0x00, 0x00, 0x00, 0x00, 0x00, 0x00, 0x00, 0x00, 0x00, 0x00,
    0x00, 0x00, 0x00, 0x00, 0x00, 0x00, 0x00, 0x00, 0x00, 0x00, 0x00, 0x00, 0xA2, 0x98, 0xA2, 0xA0,
    0xC3, 0xB0, 0xC3, 0xB8, 0xE3, 0xC8, 0xE3, 0xD0, 0xE3, 0xC0, 0xE3, 0xD0, 0xE3, 0xD0, 0xE3, 0xD0,
    0xC3, 0xC0, 0xE3, 0xC0, 0xE3, 0xC0, 0xE3, 0xC0, 0xC3, 0xB8, 0xC3, 0xA8, 0xA2, 0xA0, 0xA2, 0x98,
    0xA2, 0x90, 0x00, 0x00, 0x00, 0x00, 0x00, 0x00, 0x00, 0x00, 0x00, 0x00, 0x00, 0x00, 0x00, 0x00,
    0x00, 0x00, 0x00, 0x00, 0x00, 0x00, 0x00, 0x00, 0x00, 0x00, 0x00, 0x00, 0x00, 0x00, 0xA2, 0x90,
    0xA2, 0xA0, 0xC3, 0xA8, 0xC3, 0xA8, 0xC3, 0xB0, 0xE3, 0xC0, 0xE3, 0xC0, 0xE3, 0xC8, 0xE3, 0xC0,
    0xE3, 0xC0, 0xC3, 0xB8, 0xC3, 0xB8, 0xC3, 0xA8, 0xC3, 0xA8, 0xA2, 0xA0, 0xA2, 0x98, 0x00, 0x00,
    0x00, 0x00, 0x00, 0x00, 0x00, 0x00, 0x00, 0x00, 0x00, 0x00, 0x00, 0x00, 0x00, 0x00, 0x00, 0x00,
    0x00, 0x00, 0x00, 0x00, 0x00, 0x00, 0x00, 0x00, 0x00, 0x00, 0x00, 0x00, 0x00, 0x00, 0x00, 0x00,
    0x00, 0x00, 0xA2, 0x90, 0xA2, 0x98, 0xC3, 0xA0, 0xA2, 0xA0, 0xC3, 0xA8, 0xC3, 0xA8, 0xC3, 0xA8,
    0xC3, 0xA0, 0xC3, 0xA0, 0xA2, 0xA0, 0xA2, 0x98, 0xA2, 0x98, 0x00, 0x00, 0x00, 0x00, 0x00, 0x00,
    0x00, 0x00, 0x00, 0x00, 0x00, 0x00, 0x00, 0x00, 0x00, 0x00, 0x00, 0x00, 0x00, 0x00, 0x00, 0x00,
    0x00, 0x00, 0x00, 0x00, 0x00, 0x00, 0x00, 0x00, 0x00, 0x00, 0x00, 0x00, 0x00, 0x00, 0x00, 0x00,
    0x00, 0x00, 0x00, 0x00, 0x00, 0x00, 0x00, 0x00, 0xA2, 0x90, 0xA2, 0x98, 0xA2, 0x98, 0xA2, 0x90,
    0x00, 0x00, 0xA2, 0x90, 0x00, 0x00, 0x00, 0x00, 0x00, 0x00, 0x00, 0x00, 0x00, 0x00, 0x00, 0x00,
    0x00, 0x00, 0x00, 0x00, 0x00, 0x00, 0x00, 0x00, 0x00, 0x00, 0x00, 0x00, 0x00, 0x00, 0x00, 0x00,
    0x00, 0x00, 0x00, 0x00, 0x00, 0x00, 0x00, 0x00, 0x00, 0x00, 0x00, 0x00, 0x00, 0x00, 0x00, 0x00,
    0x00, 0x00, 0x00, 0x00, 0x00, 0x00, 0x00, 0x00, 0x00, 0x00, 0x00, 0x00, 0xA2, 0x90, 0x00, 0x00,
    0xA2, 0x90, 0x00, 0x00, 0xA2, 0x90, 0x00, 0x00, 0x00, 0x00, 0x00, 0x00, 0x00, 0x00, 0x00, 0x00,
    0x00, 0x00, 0x00, 0x00, 0x00, 0x00, 0x00, 0x00, 0x00, 0x00, 0x00, 0x00, 0x00, 0x00, 0x00, 0x00,
    0x00, 0x00, 0x00, 0x00, 0x00, 0x00, 0x00, 0x00, 0x00, 0x00, 0x00, 0x00, 0x00, 0x00, 0x00, 0x00,
    0x00, 0x00, 0x00, 0x00, 0x00, 0x00, 0x00, 0x00, 0x00, 0x00, 0x00, 0x00, 0x00, 0x00, 0x00, 0x00,
    0x00, 0x00, 0x00, 0x00, 0x00, 0x00, 0x00, 0x00, 0x00, 0x00, 0x00, 0x00, 0x00, 0x00, 0x00, 0x00,
    0x00, 0x00, 0x00, 0x00, 0x00, 0x00, 0x00, 0x00, 0x00, 0x00, 0x00, 0x00, 0x00, 0x00, 0x00, 0x00,
    0x00, 0x00, 0x00, 0x00, 0x00, 0x00, 0x00, 0x00, 0x00, 0x00, 0x00, 0x00, 0x00, 0x00, 0x00, 0x00,
    0x00, 0x00, 0x00, 0x00, 0x00, 0x00, 0x00, 0x00, 0x00, 0x00, 0x00, 0x00, 0x00, 0x00, 0x00, 0x00,
    0x00, 0x00, 0x00, 0x00, 0x00, 0x00, 0x00, 0x00, 0x00, 0x00, 0x00, 0x00, 0x00, 0x00, 0x00, 0x00,
    0x00, 0x00, 0x00, 0x00, 0x00, 0x00, 0x00, 0x00, 0x00, 0x00, 0x00, 0x00, 0x00, 0x00, 0x00, 0x00,
    0x00, 0x00, 0x00, 0x00, 0x00, 0x00, 0x00, 0x00, 0x00, 0x00, 0x00, 0x00, 0x00, 0x00, 0x00, 0x00,
    0x00, 0x00, 0x00, 0x00, 0x00, 0x00, 0x00, 0x00, 0x00, 0x00, 0x00, 0x00, 0x00, 0x00, 0x00, 0x00,
    0x00, 0x00, 0x00, 0x00, 0x00, 0x00, 0x00, 0x00, 0x00, 0x00, 0x00, 0x00, 0x00, 0x00, 0x00, 0x00,
    0xFF, 0x00, 0x00, 0x00, 0x00, 0x00, 0x00, 0x00, 0x00, 0x00, 0x00, 0x00, 0x00, 0x00, 0x00, 0x00,
    0x00, 0x00, 0x00, 0x00, 0x00, 0x00, 0x00, 0x00, 0x00, 0x00, 0x00, 0x00, 0xFF, 0xFF, 0x00, 0xFF,
    0xFF, 0xFF, 0x00, 0xFF, 0x00, 0x00, 0x00, 0x00, 0x00, 0x00, 0x00, 0x00, 0x00, 0x00, 0x00, 0x00,
    0x00, 0x00, 0x00, 0x00, 0x00, 0x00, 0x00, 0x00, 0x00, 0xFF, 0xFF, 0xFF, 0xFF, 0xFF, 0xFF, 0xFF,
    0xFF, 0xFF, 0xFF, 0xFF, 0xFF, 0xFF, 0xFF, 0xFF, 0x00, 0x00, 0x00, 0x00, 0x00, 0x00, 0x00, 0x00,
    0x00, 0x00, 0x00, 0x00, 0x00, 0x00, 0xFF, 0xFF, 0xFF, 0xFF, 0xFF, 0xFF, 0xFF, 0xFF, 0xFF, 0xFF,
    0xFF, 0xFF, 0xFF, 0xFF, 0xFF, 0xFF, 0xFF, 0xFF, 0x00, 0x00, 0x00, 0x00, 0x00, 0x00, 0x00, 0x00,
    0x00, 0x00, 0x00, 0x00, 0x00, 0xFF, 0xFF, 0xFF, 0xFF, 0xFF, 0xFF, 0xFF, 0xFF, 0xFF, 0xFF, 0xFF,
    0xFF, 0xFF, 0xFF, 0xFF, 0xFF, 0xFF, 0xFF, 0xFF, 0x00, 0x00, 0x00, 0x00, 0x00, 0x00, 0x00, 0x00,
    0x00, 0x00, 0x00, 0x00, 0x00, 0xFF, 0xFF, 0xFF, 0xFF, 0xFF, 0xFF, 0xFF, 0xFF, 0xFF, 0xFF, 0xFF,
    0xFF, 0xFF, 0xFF, 0xFF, 0xFF, 0xFF, 0xFF, 0xFF, 0xFF, 0xFF, 0x00, 0x00, 0x00, 0x00, 0x00, 0x00,
    0x00, 0x00, 0x00, 0x00, 0xFF, 0xFF, 0xFF, 0xFF, 0xFF, 0xFF, 0xFF, 0xFF, 0xFF, 0xFF, 0xFF, 0xFF,
    0xFF, 0xFF, 0xFF, 0xFF, 0xFF, 0xFF, 0xFF, 0xFF, 0xFF, 0xFF, 0xFF, 0x00, 0x00, 0x00, 0x00, 0x00,
    0x00, 0x00, 0x00, 0x00, 0xFF, 0xFF, 0xFF, 0xFF, 0xFF, 0xFF, 0xFF, 0xFF, 0xFF, 0xFF, 0xFF, 0xFF,
    0xFF, 0xFF, 0xFF, 0xFF, 0xFF, 0xFF, 0xFF, 0xFF, 0xFF, 0xFF, 0xFF, 0x00, 0x00, 0x00, 0x00, 0x00,
    0x00, 0x00, 0x00, 0xFF, 0xFF, 0xFF, 0xFF, 0xFF, 0xFF, 0xFF, 0xFF, 0xFF, 0xFF, 0xFF, 0xFF, 0xFF,
    0xFF, 0xFF, 0xFF, 0xFF, 0xFF, 0xFF, 0xFF, 0xFF, 0xFF, 0xFF, 0xFF, 0x00, 0x00, 0x00, 0x00, 0x00,
    0x00, 0x00, 0x00, 0xFF, 0xFF, 0xFF, 0xFF, 0xFF, 0xFF, 0xFF, 0xFF, 0xFF, 0xFF, 0xFF, 0xFF, 0xFF,
    0xFF, 0xFF, 0xFF, 0xFF, 0xFF, 0xFF, 0xFF, 0xFF, 0xFF, 0xFF, 0xFF, 0xFF, 0xFF, 0x00, 0x00, 0x00,
    0x00, 0x00, 0x00, 0xFF, 0xFF, 0xFF, 0xFF, 0xFF, 0xFF, 0xFF, 0xFF, 0xFF, 0xFF, 0xFF, 0xFF, 0xFF,
    0xFF, 0xFF, 0xFF, 0xFF, 0xFF, 0xFF, 0xFF, 0xFF, 0xFF, 0xFF, 0xFF, 0xFF, 0x00, 0x00, 0x00, 0x00,
    0x00, 0xFF, 0xFF, 0xFF, 0xFF, 0xFF, 0xFF, 0xFF, 0xFF, 0xFF, 0xFF, 0xFF, 0xFF, 0xFF, 0xFF, 0xFF,
    0xFF, 0xFF, 0xFF, 0xFF, 0xFF, 0xFF, 0xFF, 0xFF, 0xFF, 0xFF, 0xFF, 0xFF, 0x00, 0x00, 0x00, 0x00,
    0x00, 0x00, 0xFF, 0xFF, 0xFF, 0xFF, 0xFF, 0xFF, 0xFF, 0xFF, 0xFF, 0xFF, 0xFF, 0xFF, 0xFF, 0xFF,
    0xFF, 0xFF, 0xFF, 0xFF, 0xFF, 0xFF, 0xFF, 0xFF, 0xFF, 0xFF, 0xFF, 0xFF, 0x00, 0x00, 0x00, 0x00,
    0x00, 0x00, 0x00, 0xFF, 0xFF, 0xFF, 0xFF, 0xFF, 0xFF, 0xFF, 0xFF, 0xFF, 0xFF, 0xFF, 0xFF, 0xFF,
    0xFF, 0xFF, 0xFF, 0xFF, 0xFF, 0xFF, 0xFF, 0xFF, 0xFF, 0xFF, 0xFF, 0xFF, 0x00, 0x00, 0x00, 0x00,
    0x00, 0x00, 0x00, 0xFF, 0xFF, 0xFF, 0xFF, 0xFF, 0xFF, 0xFF, 0xFF, 0xFF, 0xFF, 0xFF, 0xFF, 0xFF,
    0xFF, 0xFF, 0xFF, 0xFF, 0xFF, 0xFF, 0xFF, 0xFF, 0xFF, 0xFF, 0xFF, 0xFF, 0x00, 0xFF, 0x00, 0x00,
    0x00, 0x00, 0xFF, 0xFF, 0xFF, 0xFF, 0xFF, 0xFF, 0xFF, 0xFF, 0xFF, 0xFF, 0xFF, 0xFF, 0xFF, 0xFF,
    0xFF, 0xFF, 0xFF, 0xFF, 0xFF, 0xFF, 0xFF, 0xFF, 0xFF, 0xFF, 0xFF, 0xFF, 0x00, 0x00, 0x00, 0x00,
    0x00, 0xFF, 0xFF, 0xFF, 0xFF, 0xFF, 0xFF, 0xFF, 0xFF, 0xFF, 0xFF, 0xFF, 0xFF, 0xFF, 0xFF, 0xFF,
    0xFF, 0xFF, 0xFF, 0xFF, 0xFF, 0xFF, 0xFF, 0xFF, 0xFF, 0xFF, 0xFF, 0xFF, 0x00, 0x00, 0x00, 0x00,
    0x00, 0x00, 0xFF, 0xFF, 0xFF, 0xFF, 0xFF, 0xFF, 0xFF, 0xFF, 0xFF, 0xFF, 0xFF, 0xFF, 0xFF, 0xFF,
    0xFF, 0xFF, 0xFF, 0xFF, 0xFF, 0xFF, 0xFF, 0xFF, 0xFF, 0xFF, 0xFF, 0xFF, 0xFF, 0x00, 0x00, 0x00,
    0x00, 0x00, 0x00, 0xFF, 0xFF, 0xFF, 0xFF, 0xFF, 0xFF, 0xFF, 0xFF, 0xFF, 0xFF, 0xFF, 0xFF, 0xFF,
    0xFF, 0xFF, 0xFF, 0xFF, 0xFF, 0xFF, 0xFF, 0xFF, 0xFF, 0xFF, 0xFF, 0xFF, 0x00, 0x00, 0x00, 0x00,
    0x00, 0x00, 0x00, 0xFF, 0xFF, 0xFF, 0xFF, 0xFF, 0xFF, 0xFF, 0xFF, 0xFF, 0xFF, 0xFF, 0xFF, 0xFF,
    0xFF, 0xFF, 0xFF, 0xFF, 0xFF, 0xFF, 0xFF, 0xFF, 0xFF, 0xFF, 0xFF, 0xFF, 0x00, 0x00, 0x00, 0x00,
    0x00, 0x00, 0x00, 0xFF, 0xFF, 0xFF, 0xFF, 0xFF, 0xFF, 0xFF, 0xFF, 0xFF, 0xFF, 0xFF, 0xFF, 0xFF,
    0xFF, 0xFF, 0xFF, 0xFF, 0xFF, 0xFF, 0xFF, 0xFF, 0xFF, 0xFF, 0xFF, 0x00, 0xFF, 0x00, 0x00, 0x00,
    0x00, 0x00, 0x00, 0x00, 0xFF, 0xFF, 0xFF, 0xFF, 0xFF, 0xFF, 0xFF, 0xFF, 0xFF, 0xFF, 0xFF, 0xFF,
    0xFF, 0xFF, 0xFF, 0xFF, 0xFF, 0xFF, 0xFF, 0xFF, 0xFF, 0xFF, 0xFF, 0x00, 0x00, 0x00, 0x00, 0x00,
    0x00, 0x00, 0x00, 0x00, 0xFF, 0xFF, 0xFF, 0xFF, 0xFF, 0xFF, 0xFF, 0xFF, 0xFF, 0xFF, 0xFF, 0xFF,
    0xFF, 0xFF, 0xFF, 0xFF, 0xFF, 0xFF, 0xFF, 0xFF, 0xFF, 0xFF, 0x00, 0x00, 0x00, 0x00, 0x00, 0x00,
    0x00, 0x00, 0x00, 0x00, 0x00, 0x00, 0xFF, 0xFF, 0xFF, 0xFF, 0xFF, 0xFF, 0xFF, 0xFF, 0xFF, 0xFF,
    0xFF, 0xFF, 0xFF, 0xFF, 0xFF, 0xFF, 0xFF, 0xFF, 0xFF, 0x00, 0x00, 0x00, 0x00, 0x00, 0x00, 0x00,
    0x00, 0x00, 0x00, 0x00, 0x00, 0x00, 0xFF, 0xFF, 0xFF, 0xFF, 0xFF, 0xFF, 0xFF, 0xFF, 0xFF, 0xFF,
    0xFF, 0xFF, 0xFF, 0xFF, 0xFF, 0xFF, 0xFF, 0xFF, 0xFF, 0x00, 0x00, 0x00, 0x00, 0x00, 0x00, 0x00,
    0x00, 0x00, 0x00, 0x00, 0x00, 0x00, 0x00, 0xFF, 0xFF, 0xFF, 0xFF, 0xFF, 0xFF, 0xFF, 0xFF, 0xFF,
    0xFF, 0xFF, 0xFF, 0xFF, 0xFF, 0xFF, 0xFF, 0x00, 0x00, 0x00, 0x00, 0x00, 0x00, 0x00, 0x00, 0x00,
    0x00, 0x00, 0x00, 0x00, 0x00, 0x00, 0x00, 0x00, 0x00, 0xFF, 0xFF, 0xFF, 0xFF, 0xFF, 0xFF, 0xFF,
    0xFF, 0xFF, 0xFF, 0xFF, 0xFF, 0x00, 0x00, 0x00, 0x00, 0x00, 0x00, 0x00, 0x00, 0x00, 0x00, 0x00,
    0x00, 0x00, 0x00, 0x00, 0x00, 0x00, 0x00, 0x00, 0x00, 0x00, 0x00, 0x00, 0xFF, 0xFF, 0xFF, 0xFF,
    0x00, 0xFF, 0x00, 0x00, 0x00, 0x00, 0x00, 0x00, 0x00, 0x00, 0x00, 0x00, 0x00, 0x00, 0x00, 0x00,
    0x00, 0x00, 0x00, 0x00, 0x00, 0x00, 0x00, 0x00, 0x00, 0x00, 0x00, 0x00, 0x00, 0x00, 0xFF, 0x00,
    0xFF, 0x00, 0xFF, 0x00, 0x00, 0x00, 0x00, 0x00, 0x00, 0x00, 0x00, 0x00, 0x00, 0x00, 0x00, 0x00,
    0x00, 0x00, 0x00, 0x00, 0x00, 0x00, 0x00, 0x00, 0x00, 0x00, 0x00, 0x00, 0x00, 0x00, 0x00, 0x00,
    0x00, 0x00, 0x00, 0x00, 0x00, 0x00, 0x00, 0x00, 0x00, 0x00, 0x00, 0x00, 0x00, 0x00, 0x00, 0x00,
    0x00, 0x00, 0x00, 0x00, 0x00, 0x00, 0x00, 0x00, 0x00, 0x00, 0x00, 0x00, 0x00, 0x00, 0x00, 0x00,
    0x00, 0x00, 0x00, 0x00, 0x00, 0x00, 0x00, 0x00, 0x00, 0x00, 0x00, 0x00, 0x00, 0x00, 0x00, 0x00,
};

const lv_image_dsc_t tribe_icon_ball_red = {
    .header = {
        .magic  = LV_IMAGE_HEADER_MAGIC,
        .cf     = LV_COLOR_FORMAT_RGB565A8,
        .flags  = 0,
        .w      = 32,
        .h      = 32,
        .stride = 64,
    },
    .data_size = sizeof(tribe_icon_ball_red_map),
    .data      = tribe_icon_ball_red_map,
};

static const uint8_t tribe_icon_ball_green_map[] = {
    0x00, 0x00, 0x00, 0x00, 0x00, 0x00, 0x00, 0x00, 0x00, 0x00, 0x00, 0x00, 0x00, 0x00, 0x00, 0x00,
    0x00, 0x00, 0x00, 0x00, 0x00, 0x00, 0x00, 0x00, 0x00, 0x00, 0x00, 0x00, 0x00, 0x00, 0x00, 0x00,
    0x00, 0x00, 0x00, 0x00, 0x00, 0x00, 0x00, 0x00, 0x00, 0x00, 0x00, 0x00, 0x00, 0x00, 0x00, 0x00,
    0x00, 0x00, 0x00, 0x00, 0x00, 0x00, 0x00, 0x00, 0x00, 0x00, 0x00, 0x00, 0x00, 0x00, 0x00, 0x00,
    0x00, 0x00, 0x00, 0x00, 0x00, 0x00, 0x00, 0x00, 0x00, 0x00, 0x00, 0x00, 0x00, 0x00, 0x00, 0x00,
    0x00, 0x00, 0x00, 0x00, 0x00, 0x00, 0x00, 0x00, 0x47, 0x24, 0x00, 0x00, 0x00, 0x00, 0x00, 0x00,
    0x00, 0x00, 0x00, 0x00, 0x00, 0x00, 0x00, 0x00, 0x00, 0x00, 0x00, 0x00, 0x00, 0x00, 0x00, 0x00,
    0x00, 0x00, 0x00, 0x00, 0x00, 0x00, 0x00, 0x00, 0x00, 0x00, 0x00, 0x00, 0x00, 0x00, 0x00, 0x00,
    0x00, 0x00, 0x00, 0x00, 0x00, 0x00, 0x00, 0x00, 0x00, 0x00, 0x00, 0x00, 0x00, 0x00, 0x00, 0x00,
    0x00, 0x00, 0x00, 0x00, 0x00, 0x00, 0x00, 0x00, 0x00, 0x00, 0x67, 0x24, 0x67, 0x24, 0x00, 0x00,
    0x00, 0x00, 0x47, 0x24, 0x47, 0x24, 0x00, 0x00, 0x00, 0x00, 0x00, 0x00, 0x00, 0x00, 0x00, 0x00,
    0x00, 0x00, 0x00, 0x00, 0x00, 0x00, 0x00, 0x00, 0x00, 0x00, 0x00, 0x00, 0x00, 0x00, 0x00, 0x00,
    0x00, 0x00, 0x00, 0x00, 0x00, 0x00, 0x00, 0x00, 0x00, 0x00, 0x00, 0x00, 0x00, 0x00, 0x00, 0x00,
    0x00, 0x00, 0x27, 0x24, 0xC7, 0x24, 0x28, 0x2D, 0x28, 0x2D, 0x48, 0x2D, 0xA9, 0x2D, 0xA9, 0x2D,
    0xA9, 0x2D, 0x48, 0x2D, 0x48, 0x2D, 0xC7, 0x24, 0x87, 0x24, 0x06, 0x24, 0x00, 0x00, 0x06, 0x24,
    0x00, 0x00, 0x00, 0x00, 0x00, 0x00, 0x00, 0x00, 0x00, 0x00, 0x00, 0x00, 0x00, 0x00, 0x00, 0x00,
    0x00, 0x00, 0x00, 0x00, 0x00, 0x00, 0x00, 0x00, 0x00, 0x00, 0x00, 0x00, 0x00, 0x00, 0x27, 0x24,
    0x87, 0x24, 0x28, 0x2D, 0x89, 0x2D, 0x2A, 0x36, 0x0A, 0x36, 0x8A, 0x36, 0xCB, 0x36, 0xAB, 0x36,
    0x2A, 0x36, 0x2A, 0x36, 0xC9, 0x2D, 0x69, 0x2D, 0x89, 0x2D, 0xA7, 0x24, 0x67, 0x24, 0x00, 0x00,
    0x06, 0x1C, 0x00, 0x00, 0x00, 0x00, 0x00, 0x00, 0x00, 0x00, 0x00, 0x00, 0x00, 0x00, 0x00, 0x00,
    0x00, 0x00, 0x00, 0x00, 0x00, 0x00, 0x00, 0x00, 0x00, 0x00, 0x00, 0x00, 0x27, 0x24, 0x08, 0x25,
    0xC9, 0x2D, 0x2A, 0x36, 0xEB, 0x36, 0x4C, 0x3F, 0xCB, 0x36, 0xAB, 0x36, 0xCB, 0x36, 0xAB, 0x36,
    0x0B, 0x37, 0xAB, 0x36, 0xAB, 0x36, 0x8A, 0x36, 0xC9, 0x2D, 0x48, 0x2D, 0x48, 0x2D, 0xA7, 0x24,
    0x06, 0x24, 0x00, 0x00, 0x00, 0x00, 0x00, 0x00, 0x00, 0x00, 0x00, 0x00, 0x00, 0x00, 0x00, 0x00,
    0x00, 0x00, 0x00, 0x00, 0x00, 0x00, 0x00, 0x00, 0x00, 0x00, 0x27, 0x24, 0xE8, 0x24, 0x0A, 0x2E,
    0x2A, 0x36, 0x2B, 0x3F, 0x8B, 0x36, 0x4C, 0x3F, 0xEB, 0x36, 0xAB, 0x36, 0xAB, 0x36, 0x0B, 0x37,
    0xAB, 0x36, 0xCB, 0x36, 0x2A, 0x36, 0x2A, 0x36, 0xE9, 0x2D, 0x8A, 0x36, 0x89, 0x2D, 0x08, 0x2D,
    0x87, 0x24, 0x00, 0x00, 0x00, 0x00, 0x00, 0x00, 0x00, 0x00, 0x00, 0x00, 0x00, 0x00, 0x00, 0x00,
    0x00, 0x00, 0x00, 0x00, 0x00, 0x00, 0x00, 0x00, 0x27, 0x24, 0xC7, 0x24, 0xE9, 0x2D, 0x4A, 0x36,
    0x4C, 0x3F, 0x2C, 0x47, 0x0C, 0x47, 0xEC, 0x46, 0xCC, 0x3E, 0xEB, 0x3E, 0xAB, 0x36, 0xEB, 0x36,
    0x6A, 0x36, 0x6A, 0x36, 0x6A, 0x36, 0xE9, 0x2D, 0x0A, 0x36, 0xE9, 0x2D, 0x4A, 0x36, 0x89, 0x2D,
    0xC8, 0x24, 0x67, 0x24, 0x06, 0x24, 0x00, 0x00, 0x00, 0x00, 0x00, 0x00, 0x00, 0x00, 0x00, 0x00,
    0x00, 0x00, 0x00, 0x00, 0x00, 0x00, 0x00, 0x00, 0x87, 0x24, 0xC9, 0x2D, 0x4A, 0x36, 0xAB, 0x36,
    0xCC, 0x46, 0x0D, 0x4F, 0xEE, 0x56, 0xAD, 0x4E, 0x6C, 0x46, 0xAC, 0x46, 0xCB, 0x36, 0xAB, 0x36,
    0x6A, 0x36, 0x2A, 0x36, 0x6A, 0x36, 0x0A, 0x36, 0x6A, 0x36, 0xC9, 0x2D, 0xA9, 0x2D, 0x2A, 0x36,
    0x28, 0x2D, 0xE8, 0x24, 0x27, 0x24, 0x00, 0x00, 0x00, 0x00, 0x00, 0x00, 0x00, 0x00, 0x00, 0x00,
    0x00, 0x00, 0x00, 0x00, 0x00, 0x00, 0x27, 0x24, 0x28, 0x2D, 0x6A, 0x36, 0xCB, 0x36, 0x6C, 0x47,
    0xCD, 0x4E, 0xAD, 0x56, 0xAE, 0x5E, 0xCE, 0x5E, 0xEE, 0x56, 0x6C, 0x46, 0x2A, 0x36, 0xCB, 0x36,
    0xAB, 0x36, 0x0A, 0x36, 0x2A, 0x36, 0xC9, 0x2D, 0xC9, 0x2D, 0xE9, 0x2D, 0x4A, 0x36, 0xA9, 0x2D,
    0xE9, 0x2D, 0x28, 0x2D, 0x67, 0x24, 0x06, 0x24, 0x00, 0x00, 0x00, 0x00, 0x00, 0x00, 0x00, 0x00,
    0x00, 0x00, 0x00, 0x00, 0x00, 0x00, 0xA7, 0x24, 0xA9, 0x2D, 0xAB, 0x36, 0x6C, 0x3F, 0xAC, 0x3E,
    0x8C, 0x4E, 0xAE, 0x56, 0x10, 0x67, 0xCF, 0x66, 0x8E, 0x56, 0x4C, 0x46, 0x4B, 0x3E, 0xAB, 0x36,
    0xAB, 0x36, 0x2A, 0x36, 0x0A, 0x36, 0x2A, 0x36, 0xA9, 0x2D, 0xA9, 0x2D, 0x2A, 0x36, 0xE9, 0x2D,
    0xC9, 0x2D, 0x48, 0x2D, 0xA7, 0x24, 0x26, 0x24, 0x00, 0x00, 0x00, 0x00, 0x00, 0x00, 0x00, 0x00,
    0x00, 0x00, 0x00, 0x00, 0x00, 0x00, 0x08, 0x25, 0x4A, 0x36, 0xCB, 0x36, 0x6A, 0x36, 0x0C, 0x3F,
    0xAC, 0x4E, 0xEE, 0x56, 0xAF, 0x5E, 0xEF, 0x5E, 0xAE, 0x56, 0xCD, 0x4E, 0xAB, 0x3E, 0x0A, 0x36,
    0x4A, 0x36, 0x2A, 0x36, 0xE9, 0x2D, 0xE9, 0x2D, 0x2A, 0x36, 0x0A, 0x36, 0x89, 0x2D, 0xE9, 0x2D,
    0x48, 0x2D, 0xA9, 0x2D, 0x08, 0x2D, 0x47, 0x24, 0x00, 0x00, 0x00, 0x00, 0x00, 0x00, 0x00, 0x00,
    0x00, 0x00, 0x00, 0x00, 0x47, 0x24, 0x48, 0x2D, 0x8A, 0x36, 0xEB, 0x36, 0xAB, 0x36, 0x8B, 0x36,
    0xEC, 0x46, 0x8D, 0x4E, 0xCD, 0x56, 0xCE, 0x56, 0x4C, 0x4E, 0x2B, 0x3E, 0x2A, 0x36, 0xE9, 0x2D,
    0x4A, 0x36, 0xE9, 0x2D, 0xC9, 0x2D, 0xE9, 0x2D, 0x2A, 0x36, 0x0A, 0x36, 0x0A, 0x36, 0xE9, 0x2D,
    0x69, 0x2D, 0x48, 0x2D, 0x28, 0x2D, 0x67, 0x24, 0xE6, 0x1B, 0x00, 0x00, 0x00, 0x00, 0x00, 0x00,
    0x00, 0x00, 0x00, 0x00, 0x00, 0x00, 0xA9, 0x2D, 0xCB, 0x36, 0xCB, 0x36, 0xAB, 0x36, 0xAB, 0x36,
    0xAB, 0x3E, 0xEC, 0x46, 0xED, 0x46, 0xAC, 0x46, 0xAC, 0x46, 0xAB, 0x3E, 0x6A, 0x36, 0xC9, 0x2D,
    0x4A, 0x36, 0x4A, 0x36, 0xC9, 0x2D, 0xA9, 0x2D, 0xE9, 0x2D, 0x69, 0x2D, 0x89, 0x2D, 0xC9, 0x2D,
    0x28, 0x2D, 0x69, 0x2D, 0xE8, 0x2C, 0xA7, 0x24, 0x26, 0x24, 0x00, 0x00, 0x00, 0x00, 0x00, 0x00,
    0x00, 0x00, 0x00, 0x00, 0x00, 0x00, 0x48, 0x2D, 0xAB, 0x36, 0x0B, 0x37, 0xEB, 0x36, 0xCB, 0x36,
    0x4A, 0x36, 0x2A, 0x36, 0x2A, 0x36, 0x6B, 0x36, 0x2A, 0x36, 0x8A, 0x36, 0xE9, 0x2D, 0x0A, 0x36,
    0x6A, 0x36, 0x2A, 0x36, 0x89, 0x2D, 0xC9, 0x2D, 0xC9, 0x2D, 0x89, 0x2D, 0x89, 0x2D, 0x48, 0x2D,
    0x68, 0x2D, 0x48, 0x2D, 0x28, 0x2D, 0x87, 0x24, 0x00, 0x00, 0x00, 0x00, 0x00, 0x00, 0x00, 0x00,
    0x00, 0x00, 0x00, 0x00, 0xA7, 0x24, 0xA9, 0x2D, 0x2A, 0x36, 0xCB, 0x36, 0xCB, 0x36, 0x6A, 0x36,
    0xAB, 0x36, 0xAB, 0x36, 0x8A, 0x36, 0xE9, 0x2D, 0x09, 0x2E, 0xC9, 0x2D, 0xE9, 0x2D, 0x0A, 0x2E,
    0xE9, 0x2D, 0x2A, 0x36, 0x89, 0x2D, 0xC9, 0x2D, 0xA9, 0x2D, 0x89, 0x2D, 0x69, 0x2D, 0x89, 0x2D,
    0x69, 0x2D, 0x28, 0x2D, 0x08, 0x25, 0xA7, 0x24, 0x00, 0x00, 0x00, 0x00, 0x00, 0x00, 0x00, 0x00,
    0x00, 0x00, 0x00, 0x00, 0x67, 0x24, 0x69, 0x2D, 0x2A, 0x36, 0x6A, 0x36, 0x4A, 0x36, 0x8A, 0x36,
    0x6A, 0x36, 0x0A, 0x2E, 0x2A, 0x36, 0x4A, 0x36, 0x6A, 0x36, 0x2A, 0x36, 0xE9, 0x2D, 0xA9, 0x2D,
    0x0A, 0x36, 0x69, 0x2D, 0xE9, 0x2D, 0x89, 0x2D, 0x48, 0x2D, 0x69, 0x2D, 0xC9, 0x2D, 0x48, 0x2D,
    0xA9, 0x2D, 0x28, 0x2D, 0x48, 0x2D, 0xA7, 0x24, 0x00, 0x00, 0x00, 0x00, 0x00, 0x00, 0x00, 0x00,
    0x00, 0x00, 0x00, 0x00, 0x67, 0x24, 0x28, 0x2D, 0x8A, 0x36, 0xAB, 0x36, 0x2A, 0x36, 0x6A, 0x36,
    0xE9, 0x2D, 0x2A, 0x36, 0x8A, 0x36, 0xC9, 0x2D, 0x0A, 0x36, 0xC9, 0x2D, 0x2A, 0x36, 0xE9, 0x2D,
    0x2A, 0x36, 0xE9, 0x2D, 0xA9, 0x2D, 0xC9, 0x2D, 0xC9, 0x2D, 0xA9, 0x2D, 0x08, 0x2D, 0x69, 0x2D,
    0x08, 0x2D, 0x48, 0x2D, 0xC7, 0x24, 0x87, 0x24, 0x00, 0x00, 0x00, 0x00, 0x00, 0x00, 0x00, 0x00,
    0x00, 0x00, 0x00, 0x00, 0x27, 0x24, 0x48, 0x2D, 0xC9, 0x2D, 0xEB, 0x36, 0x09, 0x2E, 0x2A, 0x36,
    0xE9, 0x2D, 0x2A, 0x36, 0x0A, 0x36, 0x6A, 0x36, 0xA9, 0x2D, 0xA9, 0x2D, 0x89, 0x2D, 0xE9, 0x2D,
    0x69, 0x2D, 0x89, 0x2D, 0xE9, 0x2D, 0x69, 0x2D, 0x68, 0x2D, 0x69, 0x2D, 0x28, 0x2D, 0x28, 0x2D,
    0x89, 0x2D, 0x08, 0x25, 0x87, 0x24, 0x27, 0x24, 0xE6, 0x1B, 0x00, 0x00, 0x00, 0x00, 0x00, 0x00,
    0x00, 0x00, 0x00, 0x00, 0x00, 0x00, 0xC8, 0x24, 0xA9, 0x2D, 0xAB, 0x36, 0x8A, 0x36, 0x6A, 0x36,
    0x6A, 0x36, 0x2A, 0x36, 0x0A, 0x36, 0x4A, 0x36, 0xC9, 0x2D, 0x89, 0x2D, 0xC9, 0x2D, 0xE9, 0x2D,
    0xE9, 0x2D, 0x89, 0x2D, 0x48, 0x2D, 0x48, 0x2D, 0x89, 0x2D, 0x08, 0x2D, 0x48, 0x2D, 0x28, 0x2D,
    0xC8, 0x24, 0xA7, 0x24, 0x67, 0x24, 0x26, 0x24, 0x00, 0x00, 0x00, 0x00, 0x00, 0x00, 0x00, 0x00,
    0x00, 0x00, 0x00, 0x00, 0x00, 0x00, 0x87, 0x24, 0x48, 0x2D, 0x0A, 0x2E, 0xAB, 0x36, 0xE9, 0x2D,
    0xC9, 0x2D, 0x6A, 0x36, 0x4A, 0x36, 0x4A, 0x36, 0x2A, 0x36, 0x69, 0x2D, 0x0A, 0x36, 0xE9, 0x2D,
    0x48, 0x2D, 0x89, 0x2D, 0xA9, 0x2D, 0x28, 0x2D, 0x08, 0x25, 0x89, 0x2D, 0x28, 0x2D, 0xE8, 0x24,
    0xC8, 0x24, 0x87, 0x24, 0x87, 0x24, 0x06, 0x24, 0x00, 0x00, 0x00, 0x00, 0x00, 0x00, 0x00, 0x00,
    0x00, 0x00, 0x00, 0x00, 0x00, 0x00, 0x06, 0x24, 0xC8, 0x24, 0xC9, 0x2D, 0x8A, 0x36, 0x0A, 0x36,
    0x2A, 0x36, 0x2A, 0x36, 0xA9, 0x2D, 0x0A, 0x36, 0xA9, 0x2D, 0x89, 0x2D, 0x89, 0x2D, 0xE9, 0x2D,
    0xA9, 0x2D, 0xA9, 0x2D, 0x08, 0x2D, 0x28, 0x2D, 0x28, 0x2D, 0x28, 0x2D, 0x68, 0x2D, 0x48, 0x2D,
    0x08, 0x2D, 0x87, 0x24, 0x47, 0x24, 0x00, 0x00, 0xC6, 0x1B, 0x00, 0x00, 0x00, 0x00, 0x00, 0x00,
    0x00, 0x00, 0x00, 0x00, 0x00, 0x00, 0x00, 0x00, 0x67, 0x24, 0xE8, 0x24, 0x68, 0x2D, 0x2A, 0x36,
    0x4A, 0x36, 0x0A, 0x2E, 0xA9, 0x2D, 0x69, 0x2D, 0xC9, 0x2D, 0xA9, 0x2D, 0x48, 0x2D, 0xC9, 0x2D,
    0xA9, 0x2D, 0x28, 0x2D, 0x08, 0x2D, 0x08, 0x2D, 0x08, 0x2D, 0x08, 0x2D, 0x48, 0x2D, 0xE8, 0x24,
    0x87, 0x24, 0x67, 0x24, 0xE6, 0x1B, 0x00, 0x00, 0x00, 0x00, 0x00, 0x00, 0x00, 0x00, 0x00, 0x00,
    0x00, 0x00, 0x00, 0x00, 0x00, 0x00, 0x00, 0x00, 0x00, 0x00, 0xA7, 0x24, 0x48, 0x2D, 0xE9, 0x2D,
    0x0A, 0x36, 0xE9, 0x2D, 0xC9, 0x2D, 0xA9, 0x2D, 0x48, 0x2D, 0xE9, 0x2D, 0xC9, 0x2D, 0x69, 0x2D,
    0x28, 0x2D, 0xA9, 0x2D, 0x08, 0x2D, 0x48, 0x2D, 0xE8, 0x24, 0xA7, 0x24, 0xE8, 0x24, 0xC8, 0x24,
    0x87, 0x24, 0x26, 0x24, 0xC6, 0x1B, 0x00, 0x00, 0x00, 0x00, 0x00, 0x00, 0x00, 0x00, 0x00, 0x00,
    0x00, 0x00, 0x00, 0x00, 0x00, 0x00, 0x00, 0x00, 0x00, 0x00, 0x06, 0x24, 0x67, 0x24, 0x08, 0x2D,
    0x28, 0x2D, 0x69, 0x2D, 0x89, 0x2D, 0x69, 0x2D, 0x69, 0x2D, 0x69, 0x2D, 0x89, 0x2D, 0x69, 0x2D,
    0xE8, 0x24, 0x28, 0x2D, 0x08, 0x2D, 0x08, 0x2D, 0xE8, 0x24, 0x28, 0x2D, 0xA7, 0x24, 0x27, 0x24,
    0x27, 0x24, 0xC6, 0x1B, 0x00, 0x00, 0x00, 0x00, 0x00, 0x00, 0x00, 0x00, 0x00, 0x00, 0x00, 0x00,
    0x00, 0x00, 0x00, 0x00, 0x00, 0x00, 0x00, 0x00, 0x00, 0x00, 0x00, 0x00, 0x00, 0x00, 0x87, 0x24,
    0x08, 0x25, 0x48, 0x2D, 0x89, 0x2D, 0x69, 0x2D, 0xA9, 0x2D, 0x28, 0x2D, 0x89, 0x2D, 0x89, 0x2D,
    0xE8, 0x24, 0xE8, 0x24, 0x28, 0x2D, 0x48, 0x2D, 0xA7, 0x24, 0xA7, 0x24, 0x47, 0x24, 0x06, 0x24,
    0xC6, 0x1B, 0x00, 0x00, 0x00, 0x00, 0x00, 0x00, 0x00, 0x00, 0x00, 0x00, 0x00, 0x00, 0x00, 0x00,
    0x00, 0x00, 0x00, 0x00, 0x00, 0x00, 0x00, 0x00, 0x00, 0x00, 0x00, 0x00, 0x00, 0x00, 0x00, 0x00,
    0x47, 0x24, 0x87, 0x24, 0xC7, 0x24, 0xC8, 0x24, 0x08, 0x2D, 0x28, 0x2D, 0x28, 0x2D, 0x08, 0x25,
    0x48, 0x2D, 0xC7, 0x24, 0xE8, 0x24, 0x87, 0x24, 0x27, 0x24, 0x27, 0x24, 0x06, 0x24, 0xE6, 0x1B,
    0x00, 0x00, 0x00, 0x00, 0x00, 0x00, 0x00, 0x00, 0x00, 0x00, 0x00, 0x00, 0x00, 0x00, 0x00, 0x00,
    0x00, 0x00, 0x00, 0x00, 0x00, 0x00, 0x00, 0x00, 0x00, 0x00, 0x00, 0x00, 0x00, 0x00, 0x00, 0x00,
    0x00, 0x00, 0xE6, 0x1B, 0x47, 0x24, 0x67, 0x24, 0xA7, 0x24, 0x67, 0x24, 0xC8, 0x24, 0x87, 0x24,
    0xA7, 0x24, 0x87, 0x24, 0x47, 0x24, 0x06, 0x24, 0xE6, 0x1B, 0xC6, 0x1B, 0x00, 0x00, 0x00, 0x00,
    0x00, 0x00, 0x00, 0x00, 0x00, 0x00, 0x00, 0x00, 0x00, 0x00, 0x00, 0x00, 0x00, 0x00, 0x00, 0x00,
    0x00, 0x00, 0x00, 0x00, 0x00, 0x00, 0x00, 0x00, 0x00, 0x00, 0x00, 0x00, 0x00, 0x00, 0x00, 0x00,
    0x00, 0x00, 0x00, 0x00, 0x00, 0x00, 0x00, 0x00, 0x00, 0x00, 0x06, 0x24, 0x06, 0x24, 0x00, 0x00,
    0x26, 0x24, 0x00, 0x00, 0xE6, 0x1B, 0xE6, 0x1B, 0x00, 0x00, 0x00, 0x00, 0x00, 0x00, 0x00, 0x00,
    0x00, 0x00, 0x00, 0x00, 0x00, 0x00, 0x00, 0x00, 0x00, 0x00, 0x00, 0x00, 0x00, 0x00, 0x00, 0x00,
    0x00, 0x00, 0x00, 0x00, 0x00, 0x00, 0x00, 0x00, 0x00, 0x00, 0x00, 0x00, 0x00, 0x00, 0x00, 0x00,
    0x00, 0x00, 0x00, 0x00, 0x00, 0x00, 0x00, 0x00, 0x00, 0x00, 0x00, 0x00, 0x00, 0x00, 0x00, 0x00,
    0x00, 0x00, 0x00, 0x00, 0x00, 0x00, 0x00, 0x00, 0x00, 0x00, 0x00, 0x00, 0x00, 0x00, 0x00, 0x00,
    0x00, 0x00, 0x00, 0x00, 0x00, 0x00, 0x00, 0x00, 0x00, 0x00, 0x00, 0x00, 0x00, 0x00, 0x00, 0x00,
    0x00, 0x00, 0x00, 0x00, 0x00, 0x00, 0x00, 0x00, 0x00, 0x00, 0x00, 0x00, 0x00, 0x00, 0x00, 0x00,
    0x00, 0x00, 0x00, 0x00, 0x00, 0x00, 0x00, 0x00, 0x00, 0x00, 0x00, 0x00, 0x00, 0x00, 0x00, 0x00,
    0x00, 0x00, 0x00, 0x00, 0x00, 0x00, 0x00, 0x00, 0x00, 0x00, 0x00, 0x00, 0x00, 0x00, 0x00, 0x00,
    0x00, 0x00, 0x00, 0x00, 0x00, 0x00, 0x00, 0x00, 0x00, 0x00, 0x00, 0x00, 0x00, 0x00, 0x00, 0x00,
    0x00, 0x00, 0x00, 0x00, 0x00, 0x00, 0x00, 0x00, 0x00, 0x00, 0x00, 0x00, 0x00, 0x00, 0x00, 0x00,
    0x00, 0x00, 0x00, 0x00, 0x00, 0x00, 0x00, 0x00, 0x00, 0x00, 0x00, 0x00, 0x00, 0x00, 0x00, 0x00,
    0x00, 0x00, 0x00, 0x00, 0x00, 0x00, 0x00, 0x00, 0x00, 0x00, 0x00, 0x00, 0x00, 0x00, 0x00, 0x00,
    0x00, 0x00, 0x00, 0x00, 0x00, 0x00, 0x00, 0x00, 0x00, 0x00, 0x00, 0x00, 0x00, 0x00, 0x00, 0x00,
    0x00, 0x00, 0x00, 0x00, 0x00, 0x00, 0x00, 0x00, 0x00, 0x00, 0x00, 0x00, 0x00, 0x00, 0x00, 0x00,
    0x00, 0x00, 0x00, 0x00, 0x00, 0x00, 0x00, 0x00, 0x00, 0x00, 0x00, 0x00, 0x00, 0x00, 0x00, 0x00,
    0x00, 0x00, 0x00, 0x00, 0x00, 0x00, 0x00, 0x00, 0x00, 0x00, 0x00, 0x00, 0xFF, 0x00, 0x00, 0x00,
    0x00, 0x00, 0x00, 0x00, 0x00, 0x00, 0x00, 0x00, 0x00, 0x00, 0x00, 0x00, 0x00, 0x00, 0x00, 0x00,
    0x00, 0x00, 0x00, 0x00, 0x00, 0x00, 0x00, 0x00, 0x00, 0x00, 0x00, 0x00, 0x00, 0xFF, 0xFF, 0x00,
    0x00, 0xFF, 0xFF, 0x00, 0x00, 0x00, 0x00, 0x00, 0x00, 0x00, 0x00, 0x00, 0x00, 0x00, 0x00, 0x00,
    0x00, 0x00, 0x00, 0x00, 0x00, 0x00, 0x00, 0x00, 0x00, 0xFF, 0xFF, 0xFF, 0xFF, 0xFF, 0xFF, 0xFF,
    0xFF, 0xFF, 0xFF, 0xFF, 0xFF, 0xFF, 0x00, 0xFF, 0x00, 0x00, 0x00, 0x00, 0x00, 0x00, 0x00, 0x00,
    0x00, 0x00, 0x00, 0x00, 0x00, 0x00, 0x00, 0xFF, 0xFF, 0xFF, 0xFF, 0xFF, 0xFF, 0xFF, 0xFF, 0xFF,
    0xFF, 0xFF, 0xFF, 0xFF, 0xFF, 0xFF, 0xFF, 0x00, 0xFF, 0x00, 0x00, 0x00, 0x00, 0x00, 0x00, 0x00,
    0x00, 0x00, 0x00, 0x00, 0x00, 0x00, 0xFF, 0xFF, 0xFF, 0xFF, 0xFF, 0xFF, 0xFF, 0xFF, 0xFF, 0xFF,
    0xFF, 0xFF, 0xFF, 0xFF, 0xFF, 0xFF, 0xFF, 0xFF, 0xFF, 0x00, 0x00, 0x00, 0x00, 0x00, 0x00, 0x00,
    0x00, 0x00, 0x00, 0x00, 0x00, 0xFF, 0xFF, 0xFF, 0xFF, 0xFF, 0xFF, 0xFF, 0xFF, 0xFF, 0xFF, 0xFF,
    0xFF, 0xFF, 0xFF, 0xFF, 0xFF, 0xFF, 0xFF, 0xFF, 0xFF, 0x00, 0x00, 0x00, 0x00, 0x00, 0x00, 0x00,
    0x00, 0x00, 0x00, 0x00, 0xFF, 0xFF, 0xFF, 0xFF, 0xFF, 0xFF, 0xFF, 0xFF, 0xFF, 0xFF, 0xFF, 0xFF,
    0xFF, 0xFF, 0xFF, 0xFF, 0xFF, 0xFF, 0xFF, 0xFF, 0xFF, 0xFF, 0xFF, 0x00, 0x00, 0x00, 0x00, 0x00,
    0x00, 0x00, 0x00, 0x00, 0xFF, 0xFF, 0xFF, 0xFF, 0xFF, 0xFF, 0xFF, 0xFF, 0xFF, 0xFF, 0xFF, 0xFF,
    0xFF, 0xFF, 0xFF, 0xFF, 0xFF, 0xFF, 0xFF, 0xFF, 0xFF, 0xFF, 0xFF, 0x00, 0x00, 0x00, 0x00, 0x00,
    0x00, 0x00, 0x00, 0xFF, 0xFF, 0xFF, 0xFF, 0xFF, 0xFF, 0xFF, 0xFF, 0xFF, 0xFF, 0xFF, 0xFF, 0xFF,
    0xFF, 0xFF, 0xFF, 0xFF, 0xFF, 0xFF, 0xFF, 0xFF, 0xFF, 0xFF, 0xFF, 0xFF, 0x00, 0x00, 0x00, 0x00,
    0x00, 0x00, 0x00, 0xFF, 0xFF, 0xFF, 0xFF, 0xFF, 0xFF, 0xFF, 0xFF, 0xFF, 0xFF, 0xFF, 0xFF, 0xFF,
    0xFF, 0xFF, 0xFF, 0xFF, 0xFF, 0xFF, 0xFF, 0xFF, 0xFF, 0xFF, 0xFF, 0xFF, 0x00, 0x00, 0x00, 0x00,
    0x00, 0x00, 0x00, 0xFF, 0xFF, 0xFF, 0xFF, 0xFF, 0xFF, 0xFF, 0xFF, 0xFF, 0xFF, 0xFF, 0xFF, 0xFF,
    0xFF, 0xFF, 0xFF, 0xFF, 0xFF, 0xFF, 0xFF, 0xFF, 0xFF, 0xFF, 0xFF, 0xFF, 0x00, 0x00, 0x00, 0x00,
    0x00, 0x00, 0xFF, 0xFF, 0xFF, 0xFF, 0xFF, 0xFF, 0xFF, 0xFF, 0xFF, 0xFF, 0xFF, 0xFF, 0xFF, 0xFF,
    0xFF, 0xFF, 0xFF, 0xFF, 0xFF, 0xFF, 0xFF, 0xFF, 0xFF, 0xFF, 0xFF, 0xFF, 0xFF, 0x00, 0x00, 0x00,
    0x00, 0x00, 0x00, 0xFF, 0xFF, 0xFF, 0xFF, 0xFF, 0xFF, 0xFF, 0xFF, 0xFF, 0xFF, 0xFF, 0xFF, 0xFF,
    0xFF, 0xFF, 0xFF, 0xFF, 0xFF, 0xFF, 0xFF, 0xFF, 0xFF, 0xFF, 0xFF, 0xFF, 0xFF, 0x00, 0x00, 0x00,
    0x00, 0x00, 0x00, 0xFF, 0xFF, 0xFF, 0xFF, 0xFF, 0xFF, 0xFF, 0xFF, 0xFF, 0xFF, 0xFF, 0xFF, 0xFF,
    0xFF, 0xFF, 0xFF, 0xFF, 0xFF, 0xFF, 0xFF, 0xFF, 0xFF, 0xFF, 0xFF, 0xFF, 0x00, 0x00, 0x00, 0x00,
    0x00, 0x00, 0xFF, 0xFF, 0xFF, 0xFF, 0xFF, 0xFF, 0xFF, 0xFF, 0xFF, 0xFF, 0xFF, 0xFF, 0xFF, 0xFF,
    0xFF, 0xFF, 0xFF, 0xFF, 0xFF, 0xFF, 0xFF, 0xFF, 0xFF, 0xFF, 0xFF, 0xFF, 0x00, 0x00, 0x00, 0x00,
    0x00, 0x00, 0xFF, 0xFF, 0xFF, 0xFF, 0xFF, 0xFF, 0xFF, 0xFF, 0xFF, 0xFF, 0xFF, 0xFF, 0xFF, 0xFF,
    0xFF, 0xFF, 0xFF, 0xFF, 0xFF, 0xFF, 0xFF, 0xFF, 0xFF, 0xFF, 0xFF, 0xFF, 0x00, 0x00, 0x00, 0x00,
    0x00, 0x00, 0xFF, 0xFF, 0xFF, 0xFF, 0xFF, 0xFF, 0xFF, 0xFF, 0xFF, 0xFF, 0xFF, 0xFF, 0xFF, 0xFF,
    0xFF, 0xFF, 0xFF, 0xFF, 0xFF, 0xFF, 0xFF, 0xFF, 0xFF, 0xFF, 0xFF, 0xFF, 0x00, 0x00, 0x00, 0x00,
    0x00, 0x00, 0xFF, 0xFF, 0xFF, 0xFF, 0xFF, 0xFF, 0xFF, 0xFF, 0xFF, 0xFF, 0xFF, 0xFF, 0xFF, 0xFF,
    0xFF, 0xFF, 0xFF, 0xFF, 0xFF, 0xFF, 0xFF, 0xFF, 0xFF, 0xFF, 0xFF, 0xFF, 0xFF, 0x00, 0x00, 0x00,
    0x00, 0x00, 0x00, 0xFF, 0xFF, 0xFF, 0xFF, 0xFF, 0xFF, 0xFF, 0xFF, 0xFF, 0xFF, 0xFF, 0xFF, 0xFF,
    0xFF, 0xFF, 0xFF, 0xFF, 0xFF, 0xFF, 0xFF, 0xFF, 0xFF, 0xFF, 0xFF, 0xFF, 0x00, 0x00, 0x00, 0x00,
    0x00, 0x00, 0x00, 0xFF, 0xFF, 0xFF, 0xFF, 0xFF, 0xFF, 0xFF, 0xFF, 0xFF, 0xFF, 0xFF, 0xFF, 0xFF,
    0xFF, 0xFF, 0xFF, 0xFF, 0xFF, 0xFF, 0xFF, 0xFF, 0xFF, 0xFF, 0xFF, 0xFF, 0x00, 0x00, 0x00, 0x00,
    0x00, 0x00, 0x00, 0xFF, 0xFF, 0xFF, 0xFF, 0xFF, 0xFF, 0xFF, 0xFF, 0xFF, 0xFF, 0xFF, 0xFF, 0xFF,
    0xFF, 0xFF, 0xFF, 0xFF, 0xFF, 0xFF, 0xFF, 0xFF, 0xFF, 0xFF, 0xFF, 0x00, 0xFF, 0x00, 0x00, 0x00,
    0x00, 0x00, 0x00, 0x00, 0xFF, 0xFF, 0xFF, 0xFF, 0xFF, 0xFF, 0xFF, 0xFF, 0xFF, 0xFF, 0xFF, 0xFF,
    0xFF, 0xFF, 0xFF, 0xFF, 0xFF, 0xFF, 0xFF, 0xFF, 0xFF, 0xFF, 0xFF, 0x00, 0x00, 0x00, 0x00, 0x00,
    0x00, 0x00, 0x00, 0x00, 0x00, 0xFF, 0xFF, 0xFF, 0xFF, 0xFF, 0xFF, 0xFF, 0xFF, 0xFF, 0xFF, 0xFF,
    0xFF, 0xFF, 0xFF, 0xFF, 0xFF, 0xFF, 0xFF, 0xFF, 0xFF, 0xFF, 0xFF, 0x00, 0x00, 0x00, 0x00, 0x00,
    0x00, 0x00, 0x00, 0x00, 0x00, 0xFF, 0xFF, 0xFF, 0xFF, 0xFF, 0xFF, 0xFF, 0xFF, 0xFF, 0xFF, 0xFF,
    0xFF, 0xFF, 0xFF, 0xFF, 0xFF, 0xFF, 0xFF, 0xFF, 0xFF, 0xFF, 0x00, 0x00, 0x00, 0x00, 0x00, 0x00,
    0x00, 0x00, 0x00, 0x00, 0x00, 0x00, 0x00, 0xFF, 0xFF, 0xFF, 0xFF, 0xFF, 0xFF, 0xFF, 0xFF, 0xFF,
    0xFF, 0xFF, 0xFF, 0xFF, 0xFF, 0xFF, 0xFF, 0xFF, 0xFF, 0x00, 0x00, 0x00, 0x00, 0x00, 0x00, 0x00,
    0x00, 0x00, 0x00, 0x00, 0x00, 0x00, 0x00, 0x00, 0xFF, 0xFF, 0xFF, 0xFF, 0xFF, 0xFF, 0xFF, 0xFF,
    0xFF, 0xFF, 0xFF, 0xFF, 0xFF, 0xFF, 0xFF, 0xFF, 0x00, 0x00, 0x00, 0x00, 0x00, 0x00, 0x00, 0x00,
    0x00, 0x00, 0x00, 0x00, 0x00, 0x00, 0x00, 0x00, 0x00, 0xFF, 0xFF, 0xFF, 0xFF, 0xFF, 0xFF, 0xFF,
    0xFF, 0xFF, 0xFF, 0xFF, 0xFF, 0xFF, 0x00, 0x00, 0x00, 0x00, 0x00, 0x00, 0x00, 0x00, 0x00, 0x00,
    0x00, 0x00, 0x00, 0x00, 0x00, 0x00, 0x00, 0x00, 0x00, 0x00, 0x00, 0x00, 0x00, 0xFF, 0xFF, 0x00,
    0xFF, 0x00, 0xFF, 0xFF, 0x00, 0x00, 0x00, 0x00, 0x00, 0x00, 0x00, 0x00, 0x00, 0x00, 0x00, 0x00,
    0x00, 0x00, 0x00, 0x00, 0x00, 0x00, 0x00, 0x00, 0x00, 0x00, 0x00, 0x00, 0x00, 0x00, 0x00, 0x00,
    0x00, 0x00, 0x00, 0x00, 0x00, 0x00, 0x00, 0x00, 0x00, 0x00, 0x00, 0x00, 0x00, 0x00, 0x00, 0x00,
    0x00, 0x00, 0x00, 0x00, 0x00, 0x00, 0x00, 0x00, 0x00, 0x00, 0x00, 0x00, 0x00, 0x00, 0x00, 0x00,
    0x00, 0x00, 0x00, 0x00, 0x00, 0x00, 0x00, 0x00, 0x00, 0x00, 0x00, 0x00, 0x00, 0x00, 0x00, 0x00,
    0x00, 0x00, 0x00, 0x00, 0x00, 0x00, 0x00, 0x00, 0x00, 0x00, 0x00, 0x00, 0x00, 0x00, 0x00, 0x00,
    0x00, 0x00, 0x00, 0x00, 0x00, 0x00, 0x00, 0x00, 0x00, 0x00, 0x00, 0x00, 0x00, 0x00, 0x00, 0x00,
};

const lv_image_dsc_t tribe_icon_ball_green = {
    .header = {
        .magic  = LV_IMAGE_HEADER_MAGIC,
        .cf     = LV_COLOR_FORMAT_RGB565A8,
        .flags  = 0,
        .w      = 32,
        .h      = 32,
        .stride = 64,
    },
    .data_size = sizeof(tribe_icon_ball_green_map),
    .data      = tribe_icon_ball_green_map,
};

static const uint8_t tribe_icon_ball_blue_map[] = {
    0x00, 0x00, 0x00, 0x00, 0x00, 0x00, 0x00, 0x00, 0x00, 0x00, 0x00, 0x00, 0x00, 0x00, 0x00, 0x00,
    0x00, 0x00, 0x00, 0x00, 0x00, 0x00, 0x00, 0x00, 0x00, 0x00, 0x00, 0x00, 0x00, 0x00, 0x00, 0x00,
    0x00, 0x00, 0x00, 0x00, 0x00, 0x00, 0x00, 0x00, 0x00, 0x00, 0x00, 0x00, 0x00, 0x00, 0x00, 0x00,
    0x00, 0x00, 0x00, 0x00, 0x00, 0x00, 0x00, 0x00, 0x00, 0x00, 0x00, 0x00, 0x00, 0x00, 0x00, 0x00,
    0x00, 0x00, 0x00, 0x00, 0x00, 0x00, 0x00, 0x00, 0x00, 0x00, 0x00, 0x00, 0x00, 0x00, 0x00, 0x00,
    0x00, 0x00, 0x00, 0x00, 0x00, 0x00, 0x00, 0x00, 0x00, 0x00, 0x00, 0x00, 0x00, 0x00, 0x34, 0x23,
    0x00, 0x00, 0x00, 0x00, 0x00, 0x00, 0x00, 0x00, 0x00, 0x00, 0x00, 0x00, 0x00, 0x00, 0x00, 0x00,
    0x00, 0x00, 0x00, 0x00, 0x00, 0x00, 0x00, 0x00, 0x00, 0x00, 0x00, 0x00, 0x00, 0x00, 0x00, 0x00,
    0x00, 0x00, 0x00, 0x00, 0x00, 0x00, 0x00, 0x00, 0x00, 0x00, 0x00, 0x00, 0x00, 0x00, 0x00, 0x00,
    0x00, 0x00, 0x00, 0x00, 0x00, 0x00, 0x00, 0x00, 0x34, 0x23, 0x00, 0x00, 0x96, 0x23, 0x96, 0x23,
    0x76, 0x23, 0x55, 0x23, 0x34, 0x23, 0x00, 0x00, 0x00, 0x00, 0x00, 0x00, 0x00, 0x00, 0x00, 0x00,
    0x00, 0x00, 0x00, 0x00, 0x00, 0x00, 0x00, 0x00, 0x00, 0x00, 0x00, 0x00, 0x00, 0x00, 0x00, 0x00,
    0x00, 0x00, 0x00, 0x00, 0x00, 0x00, 0x00, 0x00, 0x00, 0x00, 0x00, 0x00, 0x00, 0x00, 0x34, 0x23,
    0x00, 0x00, 0x34, 0x23, 0x76, 0x23, 0xD7, 0x2B, 0xF9, 0x2B, 0x39, 0x2C, 0x1A, 0x2C, 0x1A, 0x2C,
    0x3A, 0x2C, 0x39, 0x2C, 0xD9, 0x2B, 0xB7, 0x23, 0x55, 0x23, 0x00, 0x00, 0x00, 0x00, 0x00, 0x00,
    0x00, 0x00, 0x00, 0x00, 0x00, 0x00, 0x00, 0x00, 0x00, 0x00, 0x00, 0x00, 0x00, 0x00, 0x00, 0x00,
    0x00, 0x00, 0x00, 0x00, 0x00, 0x00, 0x00, 0x00, 0x00, 0x00, 0x00, 0x00, 0x00, 0x00, 0x00, 0x00,
    0x96, 0x23, 0xF8, 0x2B, 0x3A, 0x2C, 0x5B, 0x2C, 0xBD, 0x34, 0x1E, 0x35, 0x1E, 0x35, 0x1F, 0x35,
    0xBE, 0x34, 0x9E, 0x2C, 0xBD, 0x34, 0x1B, 0x2C, 0xFA, 0x2B, 0xB8, 0x23, 0x55, 0x23, 0x14, 0x23,
    0x14, 0x23, 0x00, 0x00, 0x00, 0x00, 0x00, 0x00, 0x00, 0x00, 0x00, 0x00, 0x00, 0x00, 0x00, 0x00,
    0x00, 0x00, 0x00, 0x00, 0x00, 0x00, 0x00, 0x00, 0x00, 0x00, 0x00, 0x00, 0x00, 0x00, 0xD7, 0x2B,
    0x19, 0x2C, 0x7C, 0x2C, 0x5E, 0x35, 0x5F, 0x35, 0xDF, 0x34, 0x5F, 0x3D, 0x1F, 0x35, 0x3F, 0x35,
    0x3F, 0x35, 0xFF, 0x34, 0xBF, 0x34, 0xBE, 0x34, 0x7D, 0x2C, 0x1B, 0x2C, 0xF9, 0x2B, 0x77, 0x23,
    0x14, 0x23, 0x00, 0x00, 0x00, 0x00, 0x00, 0x00, 0x00, 0x00, 0x00, 0x00, 0x00, 0x00, 0x00, 0x00,
    0x00, 0x00, 0x00, 0x00, 0x00, 0x00, 0x00, 0x00, 0x00, 0x00, 0x34, 0x23, 0xD7, 0x2B, 0x9A, 0x2C,
    0x9D, 0x34, 0x9F, 0x3D, 0xFF, 0x34, 0x7F, 0x3D, 0x5F, 0x35, 0xFF, 0x34, 0xDF, 0x34, 0x3F, 0x35,
    0x3F, 0x35, 0xFF, 0x34, 0xFF, 0x34, 0xDF, 0x34, 0xFF, 0x34, 0x9E, 0x34, 0x5C, 0x2C, 0xB8, 0x23,
    0x56, 0x23, 0x14, 0x1B, 0x00, 0x00, 0x00, 0x00, 0x00, 0x00, 0x00, 0x00, 0x00, 0x00, 0x00, 0x00,
    0x00, 0x00, 0x00, 0x00, 0x00, 0x00, 0x34, 0x23, 0x34, 0x23, 0xB7, 0x23, 0x5A, 0x2C, 0xFD, 0x34,
    0x5F, 0x3D, 0x3F, 0x3D, 0x3F, 0x45, 0x1F, 0x45, 0x1F, 0x3D, 0x5F, 0x3D, 0x5F, 0x35, 0xDF, 0x34,
    0xFF, 0x34, 0x1F, 0x35, 0xDF, 0x34, 0x1F, 0x35, 0xDF, 0x34, 0x9E, 0x2C, 0x7D, 0x2C, 0x1A, 0x2C,
    0xF9, 0x2B, 0x55, 0x23, 0x14, 0x1B, 0x00, 0x00, 0x00, 0x00, 0x00, 0x00, 0x00, 0x00, 0x00, 0x00,
    0x00, 0x00, 0x00, 0x00, 0x00, 0x00, 0x00, 0x00, 0x96, 0x23, 0x59, 0x2C, 0xFD, 0x34, 0x7F, 0x3D,
    0x7F, 0x45, 0x3F, 0x4D, 0x9F, 0x55, 0x5F, 0x4D, 0x5F, 0x4D, 0x1F, 0x3D, 0x1F, 0x35, 0xDF, 0x34,
    0xDF, 0x34, 0x9E, 0x34, 0xDF, 0x34, 0xDF, 0x34, 0x7D, 0x2C, 0x7D, 0x2C, 0xBF, 0x34, 0x7D, 0x2C,
    0xFA, 0x2B, 0x97, 0x23, 0x55, 0x23, 0x00, 0x00, 0x00, 0x00, 0x00, 0x00, 0x00, 0x00, 0x00, 0x00,
    0x00, 0x00, 0x00, 0x00, 0x00, 0x00, 0x34, 0x23, 0x18, 0x2C, 0xBC, 0x34, 0x3F, 0x35, 0x5F, 0x3D,
    0x7F, 0x4D, 0xBF, 0x55, 0x9F, 0x5D, 0x9F, 0x5D, 0x7F, 0x55, 0x5F, 0x4D, 0xBE, 0x34, 0x9E, 0x2C,
    0xDF, 0x34, 0x7D, 0x2C, 0xDF, 0x34, 0xDF, 0x34, 0x5C, 0x2C, 0xDF, 0x34, 0x7D, 0x2C, 0x7D, 0x2C,
    0x1B, 0x2C, 0xFA, 0x2B, 0x97, 0x23, 0xF3, 0x1A, 0x00, 0x00, 0x00, 0x00, 0x00, 0x00, 0x00, 0x00,
    0x00, 0x00, 0x00, 0x00, 0x34, 0x23, 0x96, 0x23, 0x7A, 0x2C, 0x1E, 0x35, 0x5F, 0x35, 0x9F, 0x45,
    0x3F, 0x4D, 0xBF, 0x5D, 0xBF, 0x65, 0x7F, 0x65, 0x3E, 0x55, 0x7F, 0x4D, 0xDF, 0x3C, 0xBE, 0x34,
    0xFF, 0x34, 0x9E, 0x34, 0xFF, 0x34, 0x9E, 0x2C, 0xBF, 0x34, 0x5C, 0x2C, 0x7D, 0x2C, 0x3C, 0x2C,
    0x1B, 0x2C, 0xD9, 0x2B, 0xB8, 0x23, 0x35, 0x23, 0x00, 0x00, 0x00, 0x00, 0x00, 0x00, 0x00, 0x00,
    0x00, 0x00, 0x00, 0x00, 0x34, 0x23, 0xF7, 0x2B, 0x7B, 0x2C, 0xFF, 0x34, 0xFF, 0x34, 0x1F, 0x3D,
    0x1F, 0x45, 0xBF, 0x55, 0x9F, 0x5D, 0x9F, 0x5D, 0x3E, 0x55, 0x5F, 0x4D, 0x3F, 0x3D, 0xBF, 0x34,
    0x7D, 0x2C, 0x9E, 0x34, 0xBF, 0x34, 0x9E, 0x2C, 0xBF, 0x34, 0x3B, 0x2C, 0x3C, 0x2C, 0x9E, 0x2C,
    0x3B, 0x2C, 0xFA, 0x2B, 0x97, 0x23, 0x35, 0x23, 0x00, 0x00, 0x00, 0x00, 0x00, 0x00, 0x00, 0x00,
    0x00, 0x00, 0x34, 0x23, 0x54, 0x23, 0x19, 0x2C, 0xDD, 0x34, 0xDF, 0x34, 0x3F, 0x35, 0x3F, 0x3D,
    0x3F, 0x45, 0x5F, 0x4D, 0x7F, 0x55, 0x1E, 0x4D, 0x1F, 0x4D, 0xDE, 0x3C, 0xDF, 0x34, 0xDF, 0x34,
    0xBE, 0x34, 0xBE, 0x34, 0x5D, 0x2C, 0xBF, 0x34, 0xBF, 0x34, 0x7D, 0x2C, 0x3B, 0x2C, 0x1B, 0x2C,
    0x1B, 0x2C, 0x1B, 0x2C, 0xB8, 0x23, 0x77, 0x23, 0xF3, 0x1A, 0x00, 0x00, 0x00, 0x00, 0x00, 0x00,
    0x00, 0x00, 0x34, 0x23, 0x75, 0x23, 0x19, 0x2C, 0xBE, 0x34, 0xFF, 0x34, 0x3F, 0x35, 0xFF, 0x34,
    0x5F, 0x3D, 0x5F, 0x45, 0x1F, 0x45, 0x3F, 0x45, 0x1F, 0x45, 0xDF, 0x34, 0x7D, 0x2C, 0x7D, 0x2C,
    0x7D, 0x2C, 0x5C, 0x2C, 0xBF, 0x34, 0xBF, 0x34, 0x5C, 0x2C, 0x3C, 0x2C, 0x5C, 0x2C, 0x7D, 0x2C,
    0x3C, 0x2C, 0x5C, 0x2C, 0xFA, 0x2B, 0x56, 0x23, 0x14, 0x23, 0x00, 0x00, 0x00, 0x00, 0x00, 0x00,
    0x00, 0x00, 0x00, 0x00, 0x00, 0x00, 0x1A, 0x2C, 0xFE, 0x34, 0xDF, 0x34, 0xDF, 0x34, 0xBF, 0x34,
    0xBF, 0x34, 0xBF, 0x34, 0xFF, 0x34, 0xFF, 0x34, 0x9E, 0x2C, 0x9E, 0x34, 0xBF, 0x34, 0xDF, 0x34,
    0xBF, 0x34, 0x9E, 0x2C, 0x5C, 0x2C, 0x5C, 0x2C, 0x3B, 0x2C, 0x1B, 0x2C, 0x5C, 0x2C, 0x3B, 0x2C,
    0x3C, 0x2C, 0x1B, 0x2C, 0xD9, 0x23, 0x76, 0x23, 0x34, 0x23, 0x00, 0x00, 0x00, 0x00, 0x00, 0x00,
    0x00, 0x00, 0x00, 0x00, 0x76, 0x23, 0x1A, 0x2C, 0xFF, 0x34, 0x5F, 0x35, 0x1F, 0x35, 0xDF, 0x34,
    0xBF, 0x34, 0x9E, 0x34, 0xBF, 0x34, 0x9E, 0x34, 0x7E, 0x2C, 0xBF, 0x34, 0x7D, 0x2C, 0x3C, 0x2C,
    0x7D, 0x2C, 0x7D, 0x2C, 0x5C, 0x2C, 0x3B, 0x2C, 0x5D, 0x2C, 0x1A, 0x2C, 0x5C, 0x2C, 0xFA, 0x2B,
    0xFA, 0x2B, 0xFA, 0x2B, 0xB8, 0x23, 0x97, 0x23, 0x14, 0x23, 0x00, 0x00, 0x00, 0x00, 0x00, 0x00,
    0x00, 0x00, 0x14, 0x23, 0x76, 0x23, 0x5A, 0x2C, 0x9E, 0x2C, 0x1F, 0x35, 0xDF, 0x34, 0x1F, 0x35,
    0x9E, 0x34, 0xDF, 0x34, 0xBF, 0x34, 0x7D, 0x2C, 0xDF, 0x34, 0x7D, 0x2C, 0x7D, 0x2C, 0x9E, 0x34,
    0x5C, 0x2C, 0x7D, 0x2C, 0x1B, 0x2C, 0x1A, 0x2C, 0x1B, 0x2C, 0xFA, 0x2B, 0xFA, 0x2B, 0x5C, 0x2C,
    0xB9, 0x23, 0x3B, 0x2C, 0xD9, 0x2B, 0x55, 0x23, 0x14, 0x23, 0x00, 0x00, 0x00, 0x00, 0x00, 0x00,
    0x00, 0x00, 0x00, 0x00, 0x00, 0x00, 0x19, 0x2C, 0xFE, 0x34, 0x1F, 0x35, 0xDF, 0x34, 0xFF, 0x34,
    0xDF, 0x34, 0xFF, 0x34, 0x7D, 0x2C, 0x5D, 0x2C, 0x9E, 0x34, 0x5C, 0x2C, 0x9E, 0x34, 0x5D, 0x2C,
    0x9E, 0x34, 0x1B, 0x2C, 0x7D, 0x2C, 0x3B, 0x2C, 0xFA, 0x2B, 0x1A, 0x2C, 0xFA, 0x2B, 0xD9, 0x2B,
    0xFA, 0x2B, 0xD9, 0x2B, 0xB8, 0x23, 0x77, 0x23, 0x00, 0x00, 0xF3, 0x1A, 0x00, 0x00, 0x00, 0x00,
    0x00, 0x00, 0x00, 0x00, 0x00, 0x00, 0xB8, 0x23, 0x7D, 0x2C, 0x1F, 0x35, 0xDF, 0x34, 0x7E, 0x2C,
    0x1F, 0x35, 0x7D, 0x2C, 0x9E, 0x2C, 0xDF, 0x34, 0xBF, 0x34, 0x9E, 0x34, 0x7D, 0x2C, 0x9E, 0x34,
    0x1B, 0x2C, 0xFA, 0x2B, 0x5C, 0x2C, 0x1B, 0x2C, 0xF9, 0x2B, 0x3B, 0x2C, 0x3C, 0x2C, 0xD9, 0x2B,
    0x1B, 0x2C, 0x1A, 0x2C, 0x77, 0x23, 0x56, 0x23, 0x00, 0x00, 0x00, 0x00, 0x00, 0x00, 0x00, 0x00,
    0x00, 0x00, 0x00, 0x00, 0x00, 0x00, 0x97, 0x23, 0x3B, 0x2C, 0x1F, 0x35, 0x9E, 0x34, 0xBF, 0x34,
    0x9E, 0x2C, 0xBF, 0x34, 0xBF, 0x34, 0x5C, 0x2C, 0x9E, 0x34, 0x9E, 0x2C, 0x3C, 0x2C, 0x1B, 0x2C,
    0x7D, 0x2C, 0x1A, 0x2C, 0x1A, 0x2C, 0xF9, 0x2B, 0xFA, 0x2B, 0xFA, 0x2B, 0xFA, 0x2B, 0xD9, 0x23,
    0x1B, 0x2C, 0x1A, 0x2C, 0x76, 0x23, 0x14, 0x23, 0xF3, 0x1A, 0x00, 0x00, 0x00, 0x00, 0x00, 0x00,
    0x00, 0x00, 0x00, 0x00, 0x00, 0x00, 0x56, 0x23, 0xD9, 0x2B, 0x9E, 0x34, 0xDF, 0x34, 0xDF, 0x34,
    0xBF, 0x34, 0x9E, 0x34, 0xBF, 0x34, 0x3C, 0x2C, 0x7D, 0x2C, 0x1B, 0x2C, 0x5C, 0x2C, 0x7D, 0x2C,
    0x1B, 0x2C, 0x1A, 0x2C, 0x3C, 0x2C, 0xFA, 0x2B, 0xFA, 0x2B, 0xD9, 0x2B, 0xD9, 0x2B, 0xB8, 0x23,
    0x97, 0x23, 0x98, 0x23, 0x76, 0x23, 0x14, 0x23, 0x00, 0x00, 0x00, 0x00, 0x00, 0x00, 0x00, 0x00,
    0x00, 0x00, 0x00, 0x00, 0x00, 0x00, 0x34, 0x23, 0xB8, 0x23, 0x1B, 0x2C, 0x9D, 0x2C, 0xFF, 0x34,
    0x7D, 0x2C, 0x5D, 0x2C, 0x5C, 0x2C, 0x9E, 0x2C, 0x7D, 0x2C, 0x5D, 0x2C, 0x7D, 0x2C, 0x5C, 0x2C,
    0x1A, 0x2C, 0x1A, 0x2C, 0xFA, 0x2B, 0x1B, 0x2C, 0xD9, 0x2B, 0xD9, 0x2B, 0x1A, 0x2C, 0x97, 0x23,
    0xB8, 0x23, 0x56, 0x23, 0x14, 0x23, 0xF3, 0x1A, 0x00, 0x00, 0x00, 0x00, 0x00, 0x00, 0x00, 0x00,
    0x00, 0x00, 0x00, 0x00, 0x00, 0x00, 0x00, 0x00, 0x76, 0x23, 0xF9, 0x2B, 0x7D, 0x2C, 0x7D, 0x2C,
    0x9E, 0x34, 0x9E, 0x34, 0xBE, 0x34, 0x7D, 0x2C, 0x1B, 0x2C, 0x1B, 0x2C, 0x5C, 0x2C, 0x5D, 0x2C,
    0x1B, 0x2C, 0x5C, 0x2C, 0x3B, 0x2C, 0xFA, 0x2B, 0x1A, 0x2C, 0xF9, 0x2B, 0xB8, 0x23, 0x97, 0x23,
    0x97, 0x23, 0x35, 0x23, 0x14, 0x23, 0x00, 0x00, 0x00, 0x00, 0x00, 0x00, 0x00, 0x00, 0x00, 0x00,
    0x00, 0x00, 0x00, 0x00, 0x00, 0x00, 0x00, 0x00, 0x14, 0x23, 0x97, 0x23, 0xD9, 0x2B, 0x3B, 0x2C,
    0x5C, 0x2C, 0x9E, 0x34, 0x1B, 0x2C, 0x3C, 0x2C, 0x7D, 0x2C, 0x5C, 0x2C, 0x5C, 0x2C, 0x3B, 0x2C,
    0x3C, 0x2C, 0x1B, 0x2C, 0xD9, 0x2B, 0xD9, 0x2B, 0xB8, 0x23, 0xFA, 0x2B, 0xD9, 0x23, 0x97, 0x23,
    0x55, 0x23, 0x14, 0x23, 0xF3, 0x1A, 0x00, 0x00, 0x00, 0x00, 0x00, 0x00, 0x00, 0x00, 0x00, 0x00,
    0x00, 0x00, 0x00, 0x00, 0x00, 0x00, 0x00, 0x00, 0x14, 0x23, 0x00, 0x00, 0x77, 0x23, 0xD9, 0x2B,
    0x3C, 0x2C, 0x3C, 0x2C, 0x7D, 0x2C, 0x5C, 0x2C, 0xFA, 0x2B, 0xFA, 0x2B, 0xFA, 0x2B, 0x5C, 0x2C,
    0xFA, 0x2B, 0xF9, 0x2B, 0xB8, 0x23, 0xFA, 0x2B, 0x97, 0x23, 0x97, 0x23, 0x56, 0x23, 0x56, 0x23,
    0x14, 0x23, 0x00, 0x00, 0x00, 0x00, 0x00, 0x00, 0x00, 0x00, 0x00, 0x00, 0x00, 0x00, 0x00, 0x00,
    0x00, 0x00, 0x00, 0x00, 0x00, 0x00, 0x00, 0x00, 0x00, 0x00, 0x00, 0x00, 0x00, 0x00, 0x55, 0x23,
    0xB8, 0x23, 0xF9, 0x2B, 0x5C, 0x2C, 0x7D, 0x2C, 0x5D, 0x2C, 0x1A, 0x2C, 0xD9, 0x2B, 0x1B, 0x2C,
    0xFA, 0x2B, 0xFA, 0x2B, 0xFA, 0x2B, 0xFA, 0x2B, 0x98, 0x23, 0x77, 0x23, 0x35, 0x23, 0x34, 0x23,
    0xF3, 0x1A, 0x00, 0x00, 0x00, 0x00, 0x00, 0x00, 0x00, 0x00, 0x00, 0x00, 0x00, 0x00, 0x00, 0x00,
    0x00, 0x00, 0x00, 0x00, 0x00, 0x00, 0x00, 0x00, 0x00, 0x00, 0x00, 0x00, 0x00, 0x00, 0x00, 0x00,
    0x55, 0x23, 0x97, 0x23, 0x97, 0x23, 0xFA, 0x2B, 0xD9, 0x2B, 0xB8, 0x23, 0xD9, 0x2B, 0xB8, 0x23,
    0xFA, 0x2B, 0xB8, 0x23, 0xB8, 0x23, 0x76, 0x23, 0x76, 0x23, 0x35, 0x23, 0xF3, 0x1A, 0xF3, 0x1A,
    0x00, 0x00, 0x00, 0x00, 0x00, 0x00, 0x00, 0x00, 0x00, 0x00, 0x00, 0x00, 0x00, 0x00, 0x00, 0x00,
    0x00, 0x00, 0x00, 0x00, 0x00, 0x00, 0x00, 0x00, 0x00, 0x00, 0x00, 0x00, 0x00, 0x00, 0x00, 0x00,
    0x00, 0x00, 0x00, 0x00, 0x34, 0x23, 0x35, 0x23, 0x56, 0x23, 0x56, 0x23, 0x56, 0x23, 0x76, 0x23,
    0x56, 0x23, 0x56, 0x23, 0x56, 0x23, 0x34, 0x23, 0xF3, 0x1A, 0xF3, 0x1A, 0x00, 0x00, 0x00, 0x00,
    0x00, 0x00, 0x00, 0x00, 0x00, 0x00, 0x00, 0x00, 0x00, 0x00, 0x00, 0x00, 0x00, 0x00, 0x00, 0x00,
    0x00, 0x00, 0x00, 0x00, 0x00, 0x00, 0x00, 0x00, 0x00, 0x00, 0x00, 0x00, 0x00, 0x00, 0x00, 0x00,
    0x00, 0x00, 0x00, 0x00, 0x00, 0x00, 0x00, 0x00, 0x14, 0x23, 0x14, 0x23, 0x00, 0x00, 0x14, 0x23,
    0x00, 0x00, 0xF3, 0x1A, 0xF3, 0x1A, 0x00, 0x00, 0x00, 0x00, 0x00, 0x00, 0x00, 0x00, 0x00, 0x00,
    0x00, 0x00, 0x00, 0x00, 0x00, 0x00, 0x00, 0x00, 0x00, 0x00, 0x00, 0x00, 0x00, 0x00, 0x00, 0x00,
    0x00, 0x00, 0x00, 0x00, 0x00, 0x00, 0x00, 0x00, 0x00, 0x00, 0x00, 0x00, 0x00, 0x00, 0x00, 0x00,
    0x00, 0x00, 0x00, 0x00, 0x00, 0x00, 0x00, 0x00, 0xF3, 0x1A, 0x00, 0x00, 0x00, 0x00, 0x00, 0x00,
    0x00, 0x00, 0x00, 0x00, 0x00, 0x00, 0x00, 0x00, 0x00, 0x00, 0x00, 0x00, 0x00, 0x00, 0x00, 0x00,
    0x00, 0x00, 0x00, 0x00, 0x00, 0x00, 0x00, 0x00, 0x00, 0x00, 0x00, 0x00, 0x00, 0x00, 0x00, 0x00,
    0x00, 0x00, 0x00, 0x00, 0x00, 0x00, 0x00, 0x00, 0x00, 0x00, 0x00, 0x00, 0x00, 0x00, 0x00, 0x00,
    0x00, 0x00, 0x00, 0x00, 0x00, 0x00, 0x00, 0x00, 0x00, 0x00, 0x00, 0x00, 0x00, 0x00, 0x00, 0x00,
    0x00, 0x00, 0x00, 0x00, 0x00, 0x00, 0x00, 0x00, 0x00, 0x00, 0x00, 0x00, 0x00, 0x00, 0x00, 0x00,
    0x00, 0x00, 0x00, 0x00, 0x00, 0x00, 0x00, 0x00, 0x00, 0x00, 0x00, 0x00, 0x00, 0x00, 0x00, 0x00,
    0x00, 0x00, 0x00, 0x00, 0x00, 0x00, 0x00, 0x00, 0x00, 0x00, 0x00, 0x00, 0x00, 0x00, 0x00, 0x00,
    0x00, 0x00, 0x00, 0x00, 0x00, 0x00, 0x00, 0x00, 0x00, 0x00, 0x00, 0x00, 0x00, 0x00, 0x00, 0x00,
    0x00, 0x00, 0x00, 0x00, 0x00, 0x00, 0x00, 0x00, 0x00, 0x00, 0x00, 0x00, 0x00, 0x00, 0x00, 0x00,
    0x00, 0x00, 0x00, 0x00, 0x00, 0x00, 0x00, 0x00, 0x00, 0x00, 0x00, 0x00, 0x00, 0x00, 0x00, 0x00,
    0x00, 0x00, 0x00, 0x00, 0x00, 0x00, 0x00, 0x00, 0x00, 0x00, 0x00, 0x00, 0x00, 0x00, 0x00, 0x00,
    0x00, 0x00, 0x00, 0x00, 0x00, 0x00, 0x00, 0x00, 0x00, 0x00, 0x00, 0x00, 0x00, 0x00, 0x00, 0x00,
    0x00, 0x00, 0x00, 0x00, 0x00, 0x00, 0x00, 0x00, 0x00, 0x00, 0x00, 0x00, 0x00, 0x00, 0x00, 0xFF,
    0x00, 0x00, 0x00, 0x00, 0x00, 0x00, 0x00, 0x00, 0x00, 0x00, 0x00, 0x00, 0x00, 0x00, 0x00, 0x00,
    0x00, 0x00, 0x00, 0x00, 0x00, 0x00, 0x00, 0x00, 0x00, 0x00, 0x00, 0x00, 0xFF, 0x00, 0xFF, 0xFF,
    0xFF, 0xFF, 0xFF, 0x00, 0x00, 0x00, 0x00, 0x00, 0x00, 0x00, 0x00, 0x00, 0x00, 0x00, 0x00, 0x00,
    0x00, 0x00, 0x00, 0x00, 0x00, 0x00, 0x00, 0xFF, 0x00, 0xFF, 0xFF, 0xFF, 0xFF, 0xFF, 0xFF, 0xFF,
    0xFF, 0xFF, 0xFF, 0xFF, 0xFF, 0x00, 0x00, 0x00, 0x00, 0x00, 0x00, 0x00, 0x00, 0x00, 0x00, 0x00,
    0x00, 0x00, 0x00, 0x00, 0x00, 0x00, 0x00, 0x00, 0xFF, 0xFF, 0xFF, 0xFF, 0xFF, 0xFF, 0xFF, 0xFF,
    0xFF, 0xFF, 0xFF, 0xFF, 0xFF, 0xFF, 0xFF, 0xFF, 0xFF, 0x00, 0x00, 0x00, 0x00, 0x00, 0x00, 0x00,
    0x00, 0x00, 0x00, 0x00, 0x00, 0x00, 0x00, 0xFF, 0xFF, 0xFF, 0xFF, 0xFF, 0xFF, 0xFF, 0xFF, 0xFF,
    0xFF, 0xFF, 0xFF, 0xFF, 0xFF, 0xFF, 0xFF, 0xFF, 0xFF, 0x00, 0x00, 0x00, 0x00, 0x00, 0x00, 0x00,
    0x00, 0x00, 0x00, 0x00, 0x00, 0xFF, 0xFF, 0xFF, 0xFF, 0xFF, 0xFF, 0xFF, 0xFF, 0xFF, 0xFF, 0xFF,
    0xFF, 0xFF, 0xFF, 0xFF, 0xFF, 0xFF, 0xFF, 0xFF, 0xFF, 0xFF, 0x00, 0x00, 0x00, 0x00, 0x00, 0x00,
    0x00, 0x00, 0x00, 0xFF, 0xFF, 0xFF, 0xFF, 0xFF, 0xFF, 0xFF, 0xFF, 0xFF, 0xFF, 0xFF, 0xFF, 0xFF,
    0xFF, 0xFF, 0xFF, 0xFF, 0xFF, 0xFF, 0xFF, 0xFF, 0xFF, 0xFF, 0xFF, 0x00, 0x00, 0x00, 0x00, 0x00,
    0x00, 0x00, 0x00, 0x00, 0xFF, 0xFF, 0xFF, 0xFF, 0xFF, 0xFF, 0xFF, 0xFF, 0xFF, 0xFF, 0xFF, 0xFF,
    0xFF, 0xFF, 0xFF, 0xFF, 0xFF, 0xFF, 0xFF, 0xFF, 0xFF, 0xFF, 0xFF, 0x00, 0x00, 0x00, 0x00, 0x00,
    0x00, 0x00, 0x00, 0xFF, 0xFF, 0xFF, 0xFF, 0xFF, 0xFF, 0xFF, 0xFF, 0xFF, 0xFF, 0xFF, 0xFF, 0xFF,
    0xFF, 0xFF, 0xFF, 0xFF, 0xFF, 0xFF, 0xFF, 0xFF, 0xFF, 0xFF, 0xFF, 0xFF, 0x00, 0x00, 0x00, 0x00,
    0x00, 0x00, 0xFF, 0xFF, 0xFF, 0xFF, 0xFF, 0xFF, 0xFF, 0xFF, 0xFF, 0xFF, 0xFF, 0xFF, 0xFF, 0xFF,
    0xFF, 0xFF, 0xFF, 0xFF, 0xFF, 0xFF, 0xFF, 0xFF, 0xFF, 0xFF, 0xFF, 0xFF, 0x00, 0x00, 0x00, 0x00,
    0x00, 0x00, 0xFF, 0xFF, 0xFF, 0xFF, 0xFF, 0xFF, 0xFF, 0xFF, 0xFF, 0xFF, 0xFF, 0xFF, 0xFF, 0xFF,
    0xFF, 0xFF, 0xFF, 0xFF, 0xFF, 0xFF, 0xFF, 0xFF, 0xFF, 0xFF, 0xFF, 0xFF, 0x00, 0x00, 0x00, 0x00,
    0x00, 0xFF, 0xFF, 0xFF, 0xFF, 0xFF, 0xFF, 0xFF, 0xFF, 0xFF, 0xFF, 0xFF, 0xFF, 0xFF, 0xFF, 0xFF,
    0xFF, 0xFF, 0xFF, 0xFF, 0xFF, 0xFF, 0xFF, 0xFF, 0xFF, 0xFF, 0xFF, 0xFF, 0xFF, 0x00, 0x00, 0x00,
    0x00, 0xFF, 0xFF, 0xFF, 0xFF, 0xFF, 0xFF, 0xFF, 0xFF, 0xFF, 0xFF, 0xFF, 0xFF, 0xFF, 0xFF, 0xFF,
    0xFF, 0xFF, 0xFF, 0xFF, 0xFF, 0xFF, 0xFF, 0xFF, 0xFF, 0xFF, 0xFF, 0xFF, 0xFF, 0x00, 0x00, 0x00,
    0x00, 0x00, 0x00, 0xFF, 0xFF, 0xFF, 0xFF, 0xFF, 0xFF, 0xFF, 0xFF, 0xFF, 0xFF, 0xFF, 0xFF, 0xFF,
    0xFF, 0xFF, 0xFF, 0xFF, 0xFF, 0xFF, 0xFF, 0xFF, 0xFF, 0xFF, 0xFF, 0xFF, 0xFF, 0x00, 0x00, 0x00,
    0x00, 0x00, 0xFF, 0xFF, 0xFF, 0xFF, 0xFF, 0xFF, 0xFF, 0xFF, 0xFF, 0xFF, 0xFF, 0xFF, 0xFF, 0xFF,
    0xFF, 0xFF, 0xFF, 0xFF, 0xFF, 0xFF, 0xFF, 0xFF, 0xFF, 0xFF, 0xFF, 0xFF, 0xFF, 0x00, 0x00, 0x00,
    0x00, 0xFF, 0xFF, 0xFF, 0xFF, 0xFF, 0xFF, 0xFF, 0xFF, 0xFF, 0xFF, 0xFF, 0xFF, 0xFF, 0xFF, 0xFF,
    0xFF, 0xFF, 0xFF, 0xFF, 0xFF, 0xFF, 0xFF, 0xFF, 0xFF, 0xFF, 0xFF, 0xFF, 0xFF, 0x00, 0x00, 0x00,
    0x00, 0x00, 0x00, 0xFF, 0xFF, 0xFF, 0xFF, 0xFF, 0xFF, 0xFF, 0xFF, 0xFF, 0xFF, 0xFF, 0xFF, 0xFF,
    0xFF, 0xFF, 0xFF, 0xFF, 0xFF, 0xFF, 0xFF, 0xFF, 0xFF, 0xFF, 0xFF, 0xFF, 0x00, 0xFF, 0x00, 0x00,
    0x00, 0x00, 0x00, 0xFF, 0xFF, 0xFF, 0xFF, 0xFF, 0xFF, 0xFF, 0xFF, 0xFF, 0xFF, 0xFF, 0xFF, 0xFF,
    0xFF, 0xFF, 0xFF, 0xFF, 0xFF, 0xFF, 0xFF, 0xFF, 0xFF, 0xFF, 0xFF, 0xFF, 0x00, 0x00, 0x00, 0x00,
    0x00, 0x00, 0x00, 0xFF, 0xFF, 0xFF, 0xFF, 0xFF, 0xFF, 0xFF, 0xFF, 0xFF, 0xFF, 0xFF, 0xFF, 0xFF,
    0xFF, 0xFF, 0xFF, 0xFF, 0xFF, 0xFF, 0xFF, 0xFF, 0xFF, 0xFF, 0xFF, 0xFF, 0xFF, 0x00, 0x00, 0x00,
    0x00, 0x00, 0x00, 0xFF, 0xFF, 0xFF, 0xFF, 0xFF, 0xFF, 0xFF, 0xFF, 0xFF, 0xFF, 0xFF, 0xFF, 0xFF,
    0xFF, 0xFF, 0xFF, 0xFF, 0xFF, 0xFF, 0xFF, 0xFF, 0xFF, 0xFF, 0xFF, 0xFF, 0x00, 0x00, 0x00, 0x00,
    0x00, 0x00, 0x00, 0xFF, 0xFF, 0xFF, 0xFF, 0xFF, 0xFF, 0xFF, 0xFF, 0xFF, 0xFF, 0xFF, 0xFF, 0xFF,
    0xFF, 0xFF, 0xFF, 0xFF, 0xFF, 0xFF, 0xFF, 0xFF, 0xFF, 0xFF, 0xFF, 0xFF, 0x00, 0x00, 0x00, 0x00,
    0x00, 0x00, 0x00, 0x00, 0xFF, 0xFF, 0xFF, 0xFF, 0xFF, 0xFF, 0xFF, 0xFF, 0xFF, 0xFF, 0xFF, 0xFF,
    0xFF, 0xFF, 0xFF, 0xFF, 0xFF, 0xFF, 0xFF, 0xFF, 0xFF, 0xFF, 0xFF, 0x00, 0x00, 0x00, 0x00, 0x00,
    0x00, 0x00, 0x00, 0x00, 0xFF, 0xFF, 0xFF, 0xFF, 0xFF, 0xFF, 0xFF, 0xFF, 0xFF, 0xFF, 0xFF, 0xFF,
    0xFF, 0xFF, 0xFF, 0xFF, 0xFF, 0xFF, 0xFF, 0xFF, 0xFF, 0xFF, 0xFF, 0x00, 0x00, 0x00, 0x00, 0x00,
    0x00, 0x00, 0x00, 0x00, 0xFF, 0x00, 0xFF, 0xFF, 0xFF, 0xFF, 0xFF, 0xFF, 0xFF, 0xFF, 0xFF, 0xFF,
    0xFF, 0xFF, 0xFF, 0xFF, 0xFF, 0xFF, 0xFF, 0xFF, 0xFF, 0x00, 0x00, 0x00, 0x00, 0x00, 0x00, 0x00,
    0x00, 0x00, 0x00, 0x00, 0x00, 0x00, 0x00, 0xFF, 0xFF, 0xFF, 0xFF, 0xFF, 0xFF, 0xFF, 0xFF, 0xFF,
    0xFF, 0xFF, 0xFF, 0xFF, 0xFF, 0xFF, 0xFF, 0xFF, 0xFF, 0x00, 0x00, 0x00, 0x00, 0x00, 0x00, 0x00,
    0x00, 0x00, 0x00, 0x00, 0x00, 0x00, 0x00, 0x00, 0xFF, 0xFF, 0xFF, 0xFF, 0xFF, 0xFF, 0xFF, 0xFF,
    0xFF, 0xFF, 0xFF, 0xFF, 0xFF, 0xFF, 0xFF, 0xFF, 0x00, 0x00, 0x00, 0x00, 0x00, 0x00, 0x00, 0x00,
    0x00, 0x00, 0x00, 0x00, 0x00, 0x00, 0x00, 0x00, 0x00, 0x00, 0xFF, 0xFF, 0xFF, 0xFF, 0xFF, 0xFF,
    0xFF, 0xFF, 0xFF, 0xFF, 0xFF, 0xFF, 0x00, 0x00, 0x00, 0x00, 0x00, 0x00, 0x00, 0x00, 0x00, 0x00,
    0x00, 0x00, 0x00, 0x00, 0x00, 0x00, 0x00, 0x00, 0x00, 0x00, 0x00, 0x00, 0xFF, 0xFF, 0x00, 0xFF,
    0x00, 0xFF, 0xFF, 0x00, 0x00, 0x00, 0x00, 0x00, 0x00, 0x00, 0x00, 0x00, 0x00, 0x00, 0x00, 0x00,
    0x00, 0x00, 0x00, 0x00, 0x00, 0x00, 0x00, 0x00, 0x00, 0x00, 0x00, 0x00, 0xFF, 0x00, 0x00, 0x00,
    0x00, 0x00, 0x00, 0x00, 0x00, 0x00, 0x00, 0x00, 0x00, 0x00, 0x00, 0x00, 0x00, 0x00, 0x00, 0x00,
    0x00, 0x00, 0x00, 0x00, 0x00, 0x00, 0x00, 0x00, 0x00, 0x00, 0x00, 0x00, 0x00, 0x00, 0x00, 0x00,
    0x00, 0x00, 0x00, 0x00, 0x00, 0x00, 0x00, 0x00, 0x00, 0x00, 0x00, 0x00, 0x00, 0x00, 0x00, 0x00,
    0x00, 0x00, 0x00, 0x00, 0x00, 0x00, 0x00, 0x00, 0x00, 0x00, 0x00, 0x00, 0x00, 0x00, 0x00, 0x00,
    0x00, 0x00, 0x00, 0x00, 0x00, 0x00, 0x00, 0x00, 0x00, 0x00, 0x00, 0x00, 0x00, 0x00, 0x00, 0x00,
};

const lv_image_dsc_t tribe_icon_ball_blue = {
    .header = {
        .magic  = LV_IMAGE_HEADER_MAGIC,
        .cf     = LV_COLOR_FORMAT_RGB565A8,
        .flags  = 0,
        .w      = 32,
        .h      = 32,
        .stride = 64,
    },
    .data_size = sizeof(tribe_icon_ball_blue_map),
    .data      = tribe_icon_ball_blue_map,
};

static const uint8_t tribe_icon_ball_yellow_map[] = {
    0x00, 0x00, 0x00, 0x00, 0x00, 0x00, 0x00, 0x00, 0x00, 0x00, 0x00, 0x00, 0x00, 0x00, 0x00, 0x00,
    0x00, 0x00, 0x00, 0x00, 0x00, 0x00, 0x00, 0x00, 0x00, 0x00, 0x00, 0x00, 0x00, 0x00, 0x00, 0x00,
    0x00, 0x00, 0x00, 0x00, 0x00, 0x00, 0x00, 0x00, 0x00, 0x00, 0x00, 0x00, 0x00, 0x00, 0x00, 0x00,
    0x00, 0x00, 0x00, 0x00, 0x00, 0x00, 0x00, 0x00, 0x00, 0x00, 0x00, 0x00, 0x00, 0x00, 0x00, 0x00,
    0x00, 0x00, 0x00, 0x00, 0x00, 0x00, 0x00, 0x00, 0x00, 0x00, 0x00, 0x00, 0x00, 0x00, 0x00, 0x00,
    0x00, 0x00, 0x00, 0x00, 0x00, 0x00, 0x00, 0x00, 0x00, 0x00, 0x00, 0x00, 0x00, 0x00, 0x00, 0x00,
    0x82, 0xAC, 0x00, 0x00, 0x00, 0x00, 0x00, 0x00, 0x00, 0x00, 0x00, 0x00, 0x00, 0x00, 0x00, 0x00,
    0x00, 0x00, 0x00, 0x00, 0x00, 0x00, 0x00, 0x00, 0x00, 0x00, 0x00, 0x00, 0x00, 0x00, 0x00, 0x00,
    0x00, 0x00, 0x00, 0x00, 0x00, 0x00, 0x00, 0x00, 0x00, 0x00, 0x00, 0x00, 0x00, 0x00, 0x00, 0x00,
    0x00, 0x00, 0x00, 0x00, 0x00, 0x00, 0x00, 0x00, 0xA2, 0xAC, 0xC2, 0xB4, 0x02, 0xBD, 0x02, 0xBD,
    0x00, 0x00, 0xE2, 0xB4, 0xA2, 0xAC, 0x82, 0xAC, 0x00, 0x00, 0x00, 0x00, 0x00, 0x00, 0x00, 0x00,
    0x00, 0x00, 0x00, 0x00, 0x00, 0x00, 0x00, 0x00, 0x00, 0x00, 0x00, 0x00, 0x00, 0x00, 0x00, 0x00,
    0x00, 0x00, 0x00, 0x00, 0x00, 0x00, 0x00, 0x00, 0x00, 0x00, 0x00, 0x00, 0x00, 0x00, 0x00, 0x00,
    0x00, 0x00, 0x82, 0xAC, 0x23, 0xBD, 0x63, 0xC5, 0xE3, 0xCD, 0x03, 0xD6, 0x43, 0xDE, 0x43, 0xDE,
    0x43, 0xDE, 0xC3, 0xD5, 0x83, 0xCD, 0x23, 0xC5, 0xE2, 0xBC, 0x00, 0x00, 0x00, 0x00, 0x00, 0x00,
    0x00, 0x00, 0x00, 0x00, 0x00, 0x00, 0x00, 0x00, 0x00, 0x00, 0x00, 0x00, 0x00, 0x00, 0x00, 0x00,
    0x00, 0x00, 0x00, 0x00, 0x00, 0x00, 0x00, 0x00, 0x00, 0x00, 0x00, 0x00, 0x00, 0x00, 0xA2, 0xAC,
    0x02, 0xBD, 0xC3, 0xCD, 0x43, 0xD6, 0x63, 0xE6, 0xC3, 0xEE, 0x64, 0xF7, 0x24, 0xF7, 0xA4, 0xFF,
    0x44, 0xF7, 0x44, 0xF7, 0x63, 0xEE, 0x63, 0xE6, 0x03, 0xD6, 0x43, 0xCD, 0xC2, 0xBC, 0x82, 0xAC,
    0x82, 0xAC, 0x00, 0x00, 0x00, 0x00, 0x00, 0x00, 0x00, 0x00, 0x00, 0x00, 0x00, 0x00, 0x00, 0x00,
    0x00, 0x00, 0x00, 0x00, 0x00, 0x00, 0x00, 0x00, 0x00, 0x00, 0x00, 0x00, 0x82, 0xAC, 0x63, 0xBD,
    0x23, 0xD6, 0xE4, 0xE6, 0x64, 0xF7, 0xA4, 0xFF, 0x84, 0xFF, 0xC4, 0xFF, 0xC4, 0xFF, 0x44, 0xFF,
    0x44, 0xFF, 0x24, 0xFF, 0x84, 0xFF, 0x44, 0xFF, 0xA3, 0xF6, 0x63, 0xE6, 0x43, 0xD5, 0x23, 0xBD,
    0x82, 0xAC, 0x00, 0x00, 0x00, 0x00, 0x00, 0x00, 0x00, 0x00, 0x00, 0x00, 0x00, 0x00, 0x00, 0x00,
    0x00, 0x00, 0x00, 0x00, 0x00, 0x00, 0x00, 0x00, 0x00, 0x00, 0x00, 0x00, 0x83, 0xC5, 0x23, 0xDE,
    0xC3, 0xEE, 0x64, 0xFF, 0x44, 0xFF, 0xC4, 0xFF, 0x44, 0xFF, 0x44, 0xFF, 0xA4, 0xFF, 0x64, 0xFF,
    0xC3, 0xFE, 0x44, 0xFF, 0x24, 0xFF, 0x44, 0xFF, 0x24, 0xFF, 0x24, 0xFF, 0x23, 0xEE, 0xC3, 0xDD,
    0x02, 0xC5, 0x00, 0x00, 0x00, 0x00, 0x00, 0x00, 0x00, 0x00, 0x00, 0x00, 0x00, 0x00, 0x00, 0x00,
    0x00, 0x00, 0x00, 0x00, 0x00, 0x00, 0x00, 0x00, 0xA2, 0xAC, 0x63, 0xBD, 0x03, 0xDE, 0x44, 0xEF,
    0xE4, 0xFF, 0xE6, 0xFF, 0xC6, 0xFF, 0xA6, 0xFF, 0x65, 0xFF, 0x04, 0xFF, 0x84, 0xFF, 0x04, 0xFF,
    0x84, 0xFF, 0xA3, 0xFE, 0x04, 0xFF, 0xE3, 0xFE, 0xC3, 0xFE, 0x63, 0xFE, 0x43, 0xF6, 0x43, 0xEE,
    0x63, 0xD5, 0xC2, 0xBC, 0x00, 0x00, 0x00, 0x00, 0x00, 0x00, 0x00, 0x00, 0x00, 0x00, 0x00, 0x00,
    0x00, 0x00, 0x00, 0x00, 0x00, 0x00, 0xA2, 0xAC, 0x23, 0xBD, 0x23, 0xD6, 0xA3, 0xEE, 0x64, 0xFF,
    0x65, 0xFF, 0x27, 0xFF, 0x67, 0xFF, 0xA8, 0xFF, 0x07, 0xFF, 0x45, 0xFF, 0x64, 0xFF, 0x24, 0xFF,
    0x04, 0xFF, 0xE4, 0xFE, 0xE4, 0xFE, 0x44, 0xFF, 0x04, 0xFF, 0x83, 0xFE, 0xC3, 0xFE, 0x63, 0xFE,
    0xE3, 0xE5, 0x63, 0xD5, 0xC2, 0xBC, 0x00, 0x00, 0x00, 0x00, 0x00, 0x00, 0x00, 0x00, 0x00, 0x00,
    0x00, 0x00, 0x00, 0x00, 0xA2, 0xAC, 0x00, 0x00, 0xC3, 0xCD, 0xE4, 0xE6, 0xC4, 0xFF, 0xE5, 0xFF,
    0xE7, 0xFF, 0x88, 0xFF, 0xA9, 0xFF, 0x29, 0xFF, 0x48, 0xFF, 0x26, 0xFF, 0xE4, 0xFE, 0x84, 0xFF,
    0x64, 0xFF, 0x44, 0xFF, 0xE4, 0xFE, 0xA3, 0xFE, 0xE4, 0xFE, 0x63, 0xFE, 0xE3, 0xFE, 0x43, 0xF6,
    0xC3, 0xFE, 0xA3, 0xDD, 0xC2, 0xBC, 0x62, 0xAC, 0x00, 0x00, 0x00, 0x00, 0x00, 0x00, 0x00, 0x00,
    0x00, 0x00, 0x00, 0x00, 0x00, 0x00, 0x02, 0xBD, 0x43, 0xD6, 0xE4, 0xF6, 0xA4, 0xFF, 0x85, 0xFF,
    0xC7, 0xFF, 0x69, 0xFF, 0x6A, 0xFF, 0x2A, 0xFF, 0x28, 0xFF, 0x67, 0xFF, 0xE5, 0xFE, 0xA3, 0xFE,
    0x83, 0xFE, 0x63, 0xFE, 0x83, 0xFE, 0xA3, 0xFE, 0x63, 0xFE, 0x63, 0xFE, 0x43, 0xF6, 0xA3, 0xFE,
    0x43, 0xF6, 0xA3, 0xDD, 0x23, 0xCD, 0xA2, 0xB4, 0x00, 0x00, 0x00, 0x00, 0x00, 0x00, 0x00, 0x00,
    0x00, 0x00, 0x00, 0x00, 0x00, 0x00, 0x83, 0xC5, 0xA3, 0xE6, 0xE4, 0xFF, 0xE4, 0xFF, 0x45, 0xFF,
    0x87, 0xFF, 0x08, 0xFF, 0x69, 0xFF, 0x09, 0xFF, 0x08, 0xFF, 0x46, 0xFF, 0x05, 0xFF, 0xC3, 0xFE,
    0xA3, 0xFE, 0xE4, 0xFE, 0xA3, 0xFE, 0x63, 0xFE, 0x63, 0xFE, 0x63, 0xFE, 0x43, 0xF6, 0x03, 0xEE,
    0x43, 0xF6, 0x43, 0xF6, 0x23, 0xCD, 0xA2, 0xB4, 0x00, 0x00, 0x00, 0x00, 0x00, 0x00, 0x00, 0x00,
    0x00, 0x00, 0x00, 0x00, 0x00, 0x00, 0xA3, 0xCD, 0xC3, 0xEE, 0xE4, 0xFF, 0x64, 0xFF, 0x24, 0xFF,
    0x05, 0xFF, 0x87, 0xFF, 0x68, 0xFF, 0x48, 0xFF, 0xE7, 0xFE, 0xC5, 0xFE, 0xE4, 0xFE, 0x24, 0xFF,
    0x63, 0xFE, 0xE4, 0xFE, 0xC3, 0xFE, 0x63, 0xFE, 0xA3, 0xFE, 0x83, 0xFE, 0xA3, 0xFE, 0x43, 0xF6,
    0x63, 0xFE, 0x43, 0xF6, 0x43, 0xCD, 0x02, 0xC5, 0x00, 0x00, 0x42, 0xAC, 0x00, 0x00, 0x00, 0x00,
    0x00, 0x00, 0x00, 0x00, 0x00, 0x00, 0x23, 0xD6, 0xC3, 0xF6, 0x04, 0xFF, 0x44, 0xFF, 0xC4, 0xFF,
    0xA5, 0xFF, 0x65, 0xFF, 0x86, 0xFF, 0x46, 0xFF, 0xC5, 0xFE, 0xE4, 0xFE, 0xC3, 0xFE, 0xA3, 0xFE,
    0xA3, 0xFE, 0xC3, 0xFE, 0xE3, 0xFE, 0x43, 0xF6, 0x43, 0xF6, 0x83, 0xFE, 0x63, 0xFE, 0x43, 0xF6,
    0x63, 0xFE, 0xC3, 0xE5, 0xE3, 0xE5, 0x23, 0xCD, 0x82, 0xB4, 0x42, 0xA4, 0x00, 0x00, 0x00, 0x00,
    0x00, 0x00, 0x00, 0x00, 0xE2, 0xBC, 0x63, 0xDE, 0x04, 0xF7, 0x64, 0xFF, 0xE4, 0xFE, 0x24, 0xFF,
    0x44, 0xFF, 0x24, 0xFF, 0xE4, 0xFE, 0xA4, 0xFE, 0x83, 0xFE, 0xC3, 0xFE, 0xE3, 0xFE, 0x43, 0xF6,
    0x23, 0xF6, 0x43, 0xF6, 0x83, 0xFE, 0x83, 0xFE, 0x43, 0xF6, 0x83, 0xFE, 0x83, 0xFE, 0x03, 0xEE,
    0x23, 0xEE, 0xC3, 0xE5, 0x63, 0xD5, 0xE2, 0xBC, 0x00, 0x00, 0x00, 0x00, 0x00, 0x00, 0x00, 0x00,
    0x00, 0x00, 0x00, 0x00, 0x02, 0xBD, 0x23, 0xDE, 0x24, 0xFF, 0xE3, 0xFE, 0x64, 0xFF, 0x84, 0xFF,
    0xC3, 0xFE, 0xE4, 0xFE, 0xC3, 0xFE, 0x83, 0xFE, 0x63, 0xFE, 0x24, 0xFF, 0x43, 0xF6, 0x83, 0xFE,
    0xA3, 0xFE, 0x43, 0xF6, 0x43, 0xF6, 0x03, 0xEE, 0x03, 0xEE, 0x03, 0xEE, 0xC3, 0xE5, 0xA3, 0xDD,
    0xC3, 0xE5, 0xA3, 0xDD, 0xA3, 0xDD, 0x02, 0xC5, 0x00, 0x00, 0x00, 0x00, 0x00, 0x00, 0x00, 0x00,
    0x00, 0x00, 0x00, 0x00, 0x00, 0x00, 0x43, 0xDE, 0x24, 0xF7, 0x64, 0xFF, 0x84, 0xFF, 0x04, 0xFF,
    0x24, 0xFF, 0xE4, 0xFE, 0x24, 0xFF, 0xE4, 0xFE, 0x04, 0xFF, 0x04, 0xFF, 0xA3, 0xFE, 0x63, 0xFE,
    0x23, 0xF6, 0xE3, 0xED, 0xA3, 0xFE, 0x63, 0xFE, 0xC3, 0xE5, 0x43, 0xF6, 0xA3, 0xDD, 0x23, 0xF6,
    0x03, 0xEE, 0xA3, 0xDD, 0xC3, 0xE5, 0x02, 0xC5, 0x62, 0xAC, 0x00, 0x00, 0x00, 0x00, 0x00, 0x00,
    0x00, 0x00, 0x00, 0x00, 0x00, 0x00, 0x03, 0xD6, 0xA3, 0xF6, 0xE4, 0xFE, 0x24, 0xFF, 0xC3, 0xFE,
    0xA3, 0xFE, 0x24, 0xFF, 0x63, 0xFE, 0xA3, 0xFE, 0x04, 0xFF, 0x83, 0xFE, 0x23, 0xEE, 0x63, 0xFE,
    0xA3, 0xFE, 0x43, 0xF6, 0xE3, 0xE5, 0xE3, 0xE5, 0x23, 0xEE, 0x23, 0xF6, 0x03, 0xEE, 0xC3, 0xE5,
    0xA3, 0xDD, 0xA3, 0xDD, 0x02, 0xC5, 0x02, 0xC5, 0x62, 0xAC, 0x00, 0x00, 0x00, 0x00, 0x00, 0x00,
    0x00, 0x00, 0x00, 0x00, 0xA2, 0xAC, 0xC3, 0xCD, 0x43, 0xEE, 0x44, 0xFF, 0x44, 0xFF, 0x04, 0xFF,
    0x44, 0xFF, 0x83, 0xFE, 0xC3, 0xFE, 0x83, 0xFE, 0x63, 0xFE, 0x23, 0xF6, 0x83, 0xFE, 0x03, 0xEE,
    0x63, 0xFE, 0x03, 0xEE, 0xC3, 0xE5, 0xC3, 0xE5, 0xC3, 0xE5, 0xE3, 0xE5, 0x83, 0xDD, 0xE3, 0xE5,
    0x83, 0xDD, 0xE3, 0xE5, 0x63, 0xD5, 0xC2, 0xBC, 0x42, 0xA4, 0x00, 0x00, 0x00, 0x00, 0x00, 0x00,
    0x00, 0x00, 0x00, 0x00, 0x00, 0x00, 0x43, 0xC5, 0xE3, 0xE5, 0xA3, 0xFE, 0x44, 0xFF, 0xE4, 0xFE,
    0x04, 0xFF, 0xC3, 0xFE, 0xA3, 0xFE, 0xC3, 0xFE, 0x83, 0xFE, 0xC3, 0xFE, 0x43, 0xF6, 0x63, 0xFE,
    0x63, 0xFE, 0x03, 0xEE, 0x63, 0xFE, 0x43, 0xF6, 0xE3, 0xE5, 0x83, 0xDD, 0xA3, 0xDD, 0xA3, 0xDD,
    0xC3, 0xE5, 0x63, 0xD5, 0xE2, 0xBC, 0xA2, 0xB4, 0x00, 0x00, 0x00, 0x00, 0x00, 0x00, 0x00, 0x00,
    0x00, 0x00, 0x00, 0x00, 0x00, 0x00, 0xE2, 0xBC, 0xA3, 0xD5, 0x43, 0xF6, 0x24, 0xFF, 0xA3, 0xFE,
    0x83, 0xFE, 0x83, 0xFE, 0xC3, 0xFE, 0x43, 0xF6, 0xC3, 0xFE, 0x23, 0xF6, 0x83, 0xFE, 0x43, 0xF6,
    0x03, 0xEE, 0xE3, 0xE5, 0xC3, 0xE5, 0x23, 0xF6, 0x83, 0xDD, 0x03, 0xEE, 0x63, 0xD5, 0x83, 0xDD,
    0x63, 0xD5, 0x83, 0xDD, 0xE2, 0xBC, 0x62, 0xAC, 0x00, 0x00, 0x00, 0x00, 0x00, 0x00, 0x00, 0x00,
    0x00, 0x00, 0x00, 0x00, 0x00, 0x00, 0x82, 0xAC, 0x23, 0xCD, 0xE3, 0xE5, 0xA3, 0xFE, 0x04, 0xFF,
    0xE4, 0xFE, 0x43, 0xF6, 0x63, 0xFE, 0x23, 0xEE, 0x03, 0xEE, 0x03, 0xEE, 0x63, 0xFE, 0xC3, 0xE5,
    0xA3, 0xDD, 0xC3, 0xE5, 0xC3, 0xE5, 0x03, 0xEE, 0xC3, 0xE5, 0x63, 0xD5, 0x63, 0xD5, 0xC3, 0xE5,
    0x63, 0xD5, 0x02, 0xC5, 0x82, 0xB4, 0x22, 0xA4, 0x00, 0x00, 0x00, 0x00, 0x00, 0x00, 0x00, 0x00,
    0x00, 0x00, 0x00, 0x00, 0x00, 0x00, 0x82, 0xAC, 0xC2, 0xBC, 0x63, 0xD5, 0xE3, 0xE5, 0xA3, 0xFE,
    0xA3, 0xFE, 0xE3, 0xFE, 0xC3, 0xFE, 0x23, 0xF6, 0x43, 0xF6, 0x43, 0xF6, 0x63, 0xFE, 0x43, 0xF6,
    0xE3, 0xE5, 0xE3, 0xE5, 0x83, 0xD5, 0x83, 0xDD, 0xE3, 0xED, 0x63, 0xD5, 0x43, 0xCD, 0xA3, 0xDD,
    0x43, 0xCD, 0xC2, 0xBC, 0x42, 0xAC, 0x00, 0x00, 0x00, 0x00, 0x00, 0x00, 0x00, 0x00, 0x00, 0x00,
    0x00, 0x00, 0x00, 0x00, 0x00, 0x00, 0x00, 0x00, 0x00, 0x00, 0x02, 0xBD, 0x83, 0xDD, 0xE3, 0xE5,
    0x43, 0xF6, 0x03, 0xEE, 0x03, 0xEE, 0x23, 0xF6, 0xA3, 0xFE, 0xE3, 0xE5, 0x03, 0xEE, 0xA3, 0xDD,
    0x43, 0xF6, 0x03, 0xEE, 0x03, 0xEE, 0x63, 0xD5, 0xC3, 0xE5, 0xA3, 0xDD, 0x63, 0xD5, 0x23, 0xCD,
    0xA2, 0xB4, 0x62, 0xAC, 0x42, 0xA4, 0x00, 0x00, 0x00, 0x00, 0x00, 0x00, 0x00, 0x00, 0x00, 0x00,
    0x00, 0x00, 0x00, 0x00, 0x00, 0x00, 0x00, 0x00, 0x00, 0x00, 0x62, 0xAC, 0xC2, 0xBC, 0xC3, 0xDD,
    0x03, 0xEE, 0x03, 0xEE, 0xE3, 0xED, 0x23, 0xEE, 0xE3, 0xED, 0x43, 0xF6, 0x43, 0xF6, 0x23, 0xF6,
    0x03, 0xEE, 0x63, 0xD5, 0x83, 0xDD, 0xC3, 0xE5, 0xC3, 0xE5, 0xA3, 0xDD, 0x02, 0xC5, 0xA2, 0xBC,
    0x62, 0xAC, 0x42, 0xA4, 0x00, 0x00, 0x00, 0x00, 0x00, 0x00, 0x00, 0x00, 0x00, 0x00, 0x00, 0x00,
    0x00, 0x00, 0x00, 0x00, 0x00, 0x00, 0x00, 0x00, 0x00, 0x00, 0x00, 0x00, 0x62, 0xAC, 0x02, 0xBD,
    0x63, 0xD5, 0x63, 0xD5, 0xA3, 0xDD, 0xC3, 0xE5, 0x43, 0xF6, 0xE3, 0xE5, 0xE3, 0xED, 0x83, 0xD5,
    0xA3, 0xDD, 0xE3, 0xE5, 0xA3, 0xDD, 0x43, 0xCD, 0x83, 0xD5, 0x43, 0xCD, 0xC2, 0xBC, 0x62, 0xAC,
    0x22, 0xA4, 0x00, 0x00, 0x00, 0x00, 0x00, 0x00, 0x00, 0x00, 0x00, 0x00, 0x00, 0x00, 0x00, 0x00,
    0x00, 0x00, 0x00, 0x00, 0x00, 0x00, 0x00, 0x00, 0x00, 0x00, 0x00, 0x00, 0x00, 0x00, 0x62, 0xAC,
    0xA2, 0xB4, 0x02, 0xC5, 0x63, 0xD5, 0x43, 0xCD, 0x83, 0xDD, 0xE3, 0xE5, 0xA3, 0xDD, 0x83, 0xD5,
    0x43, 0xCD, 0x83, 0xDD, 0xE2, 0xC4, 0xC2, 0xBC, 0xA2, 0xBC, 0x62, 0xAC, 0x42, 0xAC, 0x00, 0x00,
    0x00, 0x00, 0x00, 0x00, 0x00, 0x00, 0x00, 0x00, 0x00, 0x00, 0x00, 0x00, 0x00, 0x00, 0x00, 0x00,
    0x00, 0x00, 0x00, 0x00, 0x00, 0x00, 0x00, 0x00, 0x00, 0x00, 0x00, 0x00, 0x00, 0x00, 0x00, 0x00,
    0x62, 0xAC, 0x00, 0x00, 0x82, 0xB4, 0xC2, 0xBC, 0xE2, 0xBC, 0x22, 0xCD, 0x23, 0xC5, 0x43, 0xCD,
    0x02, 0xC5, 0xC2, 0xBC, 0xA2, 0xB4, 0x62, 0xAC, 0x62, 0xAC, 0x00, 0x00, 0x00, 0x00, 0x00, 0x00,
    0x00, 0x00, 0x00, 0x00, 0x00, 0x00, 0x00, 0x00, 0x00, 0x00, 0x00, 0x00, 0x00, 0x00, 0x00, 0x00,
    0x00, 0x00, 0x00, 0x00, 0x00, 0x00, 0x00, 0x00, 0x00, 0x00, 0x00, 0x00, 0x00, 0x00, 0x00, 0x00,
    0x00, 0x00, 0x00, 0x00, 0x00, 0x00, 0x00, 0x00, 0x00, 0x00, 0x82, 0xB4, 0x82, 0xB4, 0x00, 0x00,
    0x00, 0x00, 0x62, 0xAC, 0x00, 0x00, 0x42, 0xA4, 0x00, 0x00, 0x00, 0x00, 0x00, 0x00, 0x00, 0x00,
    0x00, 0x00, 0x00, 0x00, 0x00, 0x00, 0x00, 0x00, 0x00, 0x00, 0x00, 0x00, 0x00, 0x00, 0x00, 0x00,
    0x00, 0x00, 0x00, 0x00, 0x00, 0x00, 0x00, 0x00, 0x00, 0x00, 0x00, 0x00, 0x00, 0x00, 0x00, 0x00,
    0x00, 0x00, 0x00, 0x00, 0x00, 0x00, 0x00, 0x00, 0x00, 0x00, 0x42, 0xA4, 0x00, 0x00, 0x00, 0x00,
    0x00, 0x00, 0x00, 0x00, 0x00, 0x00, 0x00, 0x00, 0x00, 0x00, 0x00, 0x00, 0x00, 0x00, 0x00, 0x00,
    0x00, 0x00, 0x00, 0x00, 0x00, 0x00, 0x00, 0x00, 0x00, 0x00, 0x00, 0x00, 0x00, 0x00, 0x00, 0x00,
    0x00, 0x00, 0x00, 0x00, 0x00, 0x00, 0x00, 0x00, 0x00, 0x00, 0x00, 0x00, 0x00, 0x00, 0x00, 0x00,
    0x00, 0x00, 0x00, 0x00, 0x00, 0x00, 0x00, 0x00, 0x00, 0x00, 0x00, 0x00, 0x00, 0x00, 0x00, 0x00,
    0x00, 0x00, 0x00, 0x00, 0x00, 0x00, 0x00, 0x00, 0x00, 0x00, 0x00, 0x00, 0x00, 0x00, 0x00, 0x00,
    0x00, 0x00, 0x00, 0x00, 0x00, 0x00, 0x00, 0x00, 0x00, 0x00, 0x00, 0x00, 0x00, 0x00, 0x00, 0x00,
    0x00, 0x00, 0x00, 0x00, 0x00, 0x00, 0x00, 0x00, 0x00, 0x00, 0x00, 0x00, 0x00, 0x00, 0x00, 0x00,
    0x00, 0x00, 0x00, 0x00, 0x00, 0x00, 0x00, 0x00, 0x00, 0x00, 0x00, 0x00, 0x00, 0x00, 0x00, 0x00,
    0x00, 0x00, 0x00, 0x00, 0x00, 0x00, 0x00, 0x00, 0x00, 0x00, 0x00, 0x00, 0x00, 0x00, 0x00, 0x00,
    0x00, 0x00, 0x00, 0x00, 0x00, 0x00, 0x00, 0x00, 0x00, 0x00, 0x00, 0x00, 0x00, 0x00, 0x00, 0x00,
    0x00, 0x00, 0x00, 0x00, 0x00, 0x00, 0x00, 0x00, 0x00, 0x00, 0x00, 0x00, 0x00, 0x00, 0x00, 0x00,
    0x00, 0x00, 0x00, 0x00, 0x00, 0x00, 0x00, 0x00, 0x00, 0x00, 0x00, 0x00, 0x00, 0x00, 0x00, 0x00,
    0x00, 0x00, 0x00, 0x00, 0x00, 0x00, 0x00, 0x00, 0x00, 0x00, 0x00, 0x00, 0x00, 0x00, 0x00, 0x00,
    0xFF, 0x00, 0x00, 0x00, 0x00, 0x00, 0x00, 0x00, 0x00, 0x00, 0x00, 0x00, 0x00, 0x00, 0x00, 0x00,
    0x00, 0x00, 0x00, 0x00, 0x00, 0x00, 0x00, 0x00, 0x00, 0x00, 0x00, 0x00, 0xFF, 0xFF, 0xFF, 0xFF,
    0x00, 0xFF, 0xFF, 0xFF, 0x00, 0x00, 0x00, 0x00, 0x00, 0x00, 0x00, 0x00, 0x00, 0x00, 0x00, 0x00,
    0x00, 0x00, 0x00, 0x00, 0x00, 0x00, 0x00, 0x00, 0x00, 0xFF, 0xFF, 0xFF, 0xFF, 0xFF, 0xFF, 0xFF,
    0xFF, 0xFF, 0xFF, 0xFF, 0xFF, 0x00, 0x00, 0x00, 0x00, 0x00, 0x00, 0x00, 0x00, 0x00, 0x00, 0x00,
    0x00, 0x00, 0x00, 0x00, 0x00, 0x00, 0x00, 0xFF, 0xFF, 0xFF, 0xFF, 0xFF, 0xFF, 0xFF, 0xFF, 0xFF,
    0xFF, 0xFF, 0xFF, 0xFF, 0xFF, 0xFF, 0xFF, 0xFF, 0xFF, 0x00, 0x00, 0x00, 0x00, 0x00, 0x00, 0x00,
    0x00, 0x00, 0x00, 0x00, 0x00, 0x00, 0xFF, 0xFF, 0xFF, 0xFF, 0xFF, 0xFF, 0xFF, 0xFF, 0xFF, 0xFF,
    0xFF, 0xFF, 0xFF, 0xFF, 0xFF, 0xFF, 0xFF, 0xFF, 0xFF, 0x00, 0x00, 0x00, 0x00, 0x00, 0x00, 0x00,
    0x00, 0x00, 0x00, 0x00, 0x00, 0x00, 0xFF, 0xFF, 0xFF, 0xFF, 0xFF, 0xFF, 0xFF, 0xFF, 0xFF, 0xFF,
    0xFF, 0xFF, 0xFF, 0xFF, 0xFF, 0xFF, 0xFF, 0xFF, 0xFF, 0x00, 0x00, 0x00, 0x00, 0x00, 0x00, 0x00,
    0x00, 0x00, 0x00, 0x00, 0xFF, 0xFF, 0xFF, 0xFF, 0xFF, 0xFF, 0xFF, 0xFF, 0xFF, 0xFF, 0xFF, 0xFF,
    0xFF, 0xFF, 0xFF, 0xFF, 0xFF, 0xFF, 0xFF, 0xFF, 0xFF, 0xFF, 0x00, 0x00, 0x00, 0x00, 0x00, 0x00,
    0x00, 0x00, 0x00, 0xFF, 0xFF, 0xFF, 0xFF, 0xFF, 0xFF, 0xFF, 0xFF, 0xFF, 0xFF, 0xFF, 0xFF, 0xFF,
    0xFF, 0xFF, 0xFF, 0xFF, 0xFF, 0xFF, 0xFF, 0xFF, 0xFF, 0xFF, 0xFF, 0x00, 0x00, 0x00, 0x00, 0x00,
    0x00, 0x00, 0xFF, 0x00, 0xFF, 0xFF, 0xFF, 0xFF, 0xFF, 0xFF, 0xFF, 0xFF, 0xFF, 0xFF, 0xFF, 0xFF,
    0xFF, 0xFF, 0xFF, 0xFF, 0xFF, 0xFF, 0xFF, 0xFF, 0xFF, 0xFF, 0xFF, 0xFF, 0x00, 0x00, 0x00, 0x00,
    0x00, 0x00, 0x00, 0xFF, 0xFF, 0xFF, 0xFF, 0xFF, 0xFF, 0xFF, 0xFF, 0xFF, 0xFF, 0xFF, 0xFF, 0xFF,
    0xFF, 0xFF, 0xFF, 0xFF, 0xFF, 0xFF, 0xFF, 0xFF, 0xFF, 0xFF, 0xFF, 0xFF, 0x00, 0x00, 0x00, 0x00,
    0x00, 0x00, 0x00, 0xFF, 0xFF, 0xFF, 0xFF, 0xFF, 0xFF, 0xFF, 0xFF, 0xFF, 0xFF, 0xFF, 0xFF, 0xFF,
    0xFF, 0xFF, 0xFF, 0xFF, 0xFF, 0xFF, 0xFF, 0xFF, 0xFF, 0xFF, 0xFF, 0xFF, 0x00, 0x00, 0x00, 0x00,
    0x00, 0x00, 0x00, 0xFF, 0xFF, 0xFF, 0xFF, 0xFF, 0xFF, 0xFF, 0xFF, 0xFF, 0xFF, 0xFF, 0xFF, 0xFF,
    0xFF, 0xFF, 0xFF, 0xFF, 0xFF, 0xFF, 0xFF, 0xFF, 0xFF, 0xFF, 0xFF, 0xFF, 0x00, 0xFF, 0x00, 0x00,
    0x00, 0x00, 0x00, 0xFF, 0xFF, 0xFF, 0xFF, 0xFF, 0xFF, 0xFF, 0xFF, 0xFF, 0xFF, 0xFF, 0xFF, 0xFF,
    0xFF, 0xFF, 0xFF, 0xFF, 0xFF, 0xFF, 0xFF, 0xFF, 0xFF, 0xFF, 0xFF, 0xFF, 0xFF, 0xFF, 0x00, 0x00,
    0x00, 0x00, 0xFF, 0xFF, 0xFF, 0xFF, 0xFF, 0xFF, 0xFF, 0xFF, 0xFF, 0xFF, 0xFF, 0xFF, 0xFF, 0xFF,
    0xFF, 0xFF, 0xFF, 0xFF, 0xFF, 0xFF, 0xFF, 0xFF, 0xFF, 0xFF, 0xFF, 0xFF, 0x00, 0x00, 0x00, 0x00,
    0x00, 0x00, 0xFF, 0xFF, 0xFF, 0xFF, 0xFF, 0xFF, 0xFF, 0xFF, 0xFF, 0xFF, 0xFF, 0xFF, 0xFF, 0xFF,
    0xFF, 0xFF, 0xFF, 0xFF, 0xFF, 0xFF, 0xFF, 0xFF, 0xFF, 0xFF, 0xFF, 0xFF, 0x00, 0x00, 0x00, 0x00,
    0x00, 0x00, 0x00, 0xFF, 0xFF, 0xFF, 0xFF, 0xFF, 0xFF, 0xFF, 0xFF, 0xFF, 0xFF, 0xFF, 0xFF, 0xFF,
    0xFF, 0xFF, 0xFF, 0xFF, 0xFF, 0xFF, 0xFF, 0xFF, 0xFF, 0xFF, 0xFF, 0xFF, 0xFF, 0x00, 0x00, 0x00,
    0x00, 0x00, 0x00, 0xFF, 0xFF, 0xFF, 0xFF, 0xFF, 0xFF, 0xFF, 0xFF, 0xFF, 0xFF, 0xFF, 0xFF, 0xFF,
    0xFF, 0xFF, 0xFF, 0xFF, 0xFF, 0xFF, 0xFF, 0xFF, 0xFF, 0xFF, 0xFF, 0xFF, 0xFF, 0x00, 0x00, 0x00,
    0x00, 0x00, 0xFF, 0xFF, 0xFF, 0xFF, 0xFF, 0xFF, 0xFF, 0xFF, 0xFF, 0xFF, 0xFF, 0xFF, 0xFF, 0xFF,
    0xFF, 0xFF, 0xFF, 0xFF, 0xFF, 0xFF, 0xFF, 0xFF, 0xFF, 0xFF, 0xFF, 0xFF, 0xFF, 0x00, 0x00, 0x00,
    0x00, 0x00, 0x00, 0xFF, 0xFF, 0xFF, 0xFF, 0xFF, 0xFF, 0xFF, 0xFF, 0xFF, 0xFF, 0xFF, 0xFF, 0xFF,
    0xFF, 0xFF, 0xFF, 0xFF, 0xFF, 0xFF, 0xFF, 0xFF, 0xFF, 0xFF, 0xFF, 0xFF, 0x00, 0x00, 0x00, 0x00,
    0x00, 0x00, 0x00, 0xFF, 0xFF, 0xFF, 0xFF, 0xFF, 0xFF, 0xFF, 0xFF, 0xFF, 0xFF, 0xFF, 0xFF, 0xFF,
    0xFF, 0xFF, 0xFF, 0xFF, 0xFF, 0xFF, 0xFF, 0xFF, 0xFF, 0xFF, 0xFF, 0xFF, 0x00, 0x00, 0x00, 0x00,
    0x00, 0x00, 0x00, 0xFF, 0xFF, 0xFF, 0xFF, 0xFF, 0xFF, 0xFF, 0xFF, 0xFF, 0xFF, 0xFF, 0xFF, 0xFF,
    0xFF, 0xFF, 0xFF, 0xFF, 0xFF, 0xFF, 0xFF, 0xFF, 0xFF, 0xFF, 0xFF, 0xFF, 0x00, 0x00, 0x00, 0x00,
    0x00, 0x00, 0x00, 0xFF, 0xFF, 0xFF, 0xFF, 0xFF, 0xFF, 0xFF, 0xFF, 0xFF, 0xFF, 0xFF, 0xFF, 0xFF,
    0xFF, 0xFF, 0xFF, 0xFF, 0xFF, 0xFF, 0xFF, 0xFF, 0xFF, 0xFF, 0xFF, 0x00, 0x00, 0x00, 0x00, 0x00,
    0x00, 0x00, 0x00, 0x00, 0x00, 0xFF, 0xFF, 0xFF, 0xFF, 0xFF, 0xFF, 0xFF, 0xFF, 0xFF, 0xFF, 0xFF,
    0xFF, 0xFF, 0xFF, 0xFF, 0xFF, 0xFF, 0xFF, 0xFF, 0xFF, 0xFF, 0xFF, 0x00, 0x00, 0x00, 0x00, 0x00,
    0x00, 0x00, 0x00, 0x00, 0x00, 0xFF, 0xFF, 0xFF, 0xFF, 0xFF, 0xFF, 0xFF, 0xFF, 0xFF, 0xFF, 0xFF,
    0xFF, 0xFF, 0xFF, 0xFF, 0xFF, 0xFF, 0xFF, 0xFF, 0xFF, 0xFF, 0x00, 0x00, 0x00, 0x00, 0x00, 0x00,
    0x00, 0x00, 0x00, 0x00, 0x00, 0x00, 0xFF, 0xFF, 0xFF, 0xFF, 0xFF, 0xFF, 0xFF, 0xFF, 0xFF, 0xFF,
    0xFF, 0xFF, 0xFF, 0xFF, 0xFF, 0xFF, 0xFF, 0xFF, 0xFF, 0x00, 0x00, 0x00, 0x00, 0x00, 0x00, 0x00,
    0x00, 0x00, 0x00, 0x00, 0x00, 0x00, 0x00, 0xFF, 0xFF, 0xFF, 0xFF, 0xFF, 0xFF, 0xFF, 0xFF, 0xFF,
    0xFF, 0xFF, 0xFF, 0xFF, 0xFF, 0xFF, 0xFF, 0x00, 0x00, 0x00, 0x00, 0x00, 0x00, 0x00, 0x00, 0x00,
    0x00, 0x00, 0x00, 0x00, 0x00, 0x00, 0x00, 0x00, 0xFF, 0x00, 0xFF, 0xFF, 0xFF, 0xFF, 0xFF, 0xFF,
    0xFF, 0xFF, 0xFF, 0xFF, 0xFF, 0x00, 0x00, 0x00, 0x00, 0x00, 0x00, 0x00, 0x00, 0x00, 0x00, 0x00,
    0x00, 0x00, 0x00, 0x00, 0x00, 0x00, 0x00, 0x00, 0x00, 0x00, 0x00, 0x00, 0x00, 0xFF, 0xFF, 0x00,
    0x00, 0xFF, 0x00, 0xFF, 0x00, 0x00, 0x00, 0x00, 0x00, 0x00, 0x00, 0x00, 0x00, 0x00, 0x00, 0x00,
    0x00, 0x00, 0x00, 0x00, 0x00, 0x00, 0x00, 0x00, 0x00, 0x00, 0x00, 0x00, 0x00, 0xFF, 0x00, 0x00,
    0x00, 0x00, 0x00, 0x00, 0x00, 0x00, 0x00, 0x00, 0x00, 0x00, 0x00, 0x00, 0x00, 0x00, 0x00, 0x00,
    0x00, 0x00, 0x00, 0x00, 0x00, 0x00, 0x00, 0x00, 0x00, 0x00, 0x00, 0x00, 0x00, 0x00, 0x00, 0x00,
    0x00, 0x00, 0x00, 0x00, 0x00, 0x00, 0x00, 0x00, 0x00, 0x00, 0x00, 0x00, 0x00, 0x00, 0x00, 0x00,
    0x00, 0x00, 0x00, 0x00, 0x00, 0x00, 0x00, 0x00, 0x00, 0x00, 0x00, 0x00, 0x00, 0x00, 0x00, 0x00,
    0x00, 0x00, 0x00, 0x00, 0x00, 0x00, 0x00, 0x00, 0x00, 0x00, 0x00, 0x00, 0x00, 0x00, 0x00, 0x00,
};

const lv_image_dsc_t tribe_icon_ball_yellow = {
    .header = {
        .magic  = LV_IMAGE_HEADER_MAGIC,
        .cf     = LV_COLOR_FORMAT_RGB565A8,
        .flags  = 0,
        .w      = 32,
        .h      = 32,
        .stride = 64,
    },
    .data_size = sizeof(tribe_icon_ball_yellow_map),
    .data      = tribe_icon_ball_yellow_map,
};

static const uint8_t tribe_icon_nineball_map[] = {
    0x00, 0x00, 0x00, 0x00, 0x00, 0x00, 0x00, 0x00, 0x00, 0x00, 0x00, 0x00, 0x00, 0x00, 0x00, 0x00,
    0x00, 0x00, 0x00, 0x00, 0x00, 0x00, 0x00, 0x00, 0x00, 0x00, 0x00, 0x00, 0x00, 0x00, 0x00, 0x00,
    0x00, 0x00, 0x00, 0x00, 0x00, 0x00, 0x00, 0x00, 0x00, 0x00, 0x00, 0x00, 0x00, 0x00, 0x00, 0x00,
    0x00, 0x00, 0x00, 0x00, 0x00, 0x00, 0x00, 0x00, 0x00, 0x00, 0x00, 0x00, 0x00, 0x00, 0x00, 0x00,
    0x00, 0x00, 0x00, 0x00, 0x00, 0x00, 0x00, 0x00, 0x00, 0x00, 0x00, 0x00, 0x00, 0x00, 0x00, 0x00,
    0x00, 0x00, 0x00, 0x00, 0x00, 0x00, 0x00, 0x00, 0x00, 0x00, 0x00, 0x00, 0x00, 0x00, 0x00, 0x00,
    0x00, 0x00, 0x00, 0x00, 0x00, 0x00, 0x00, 0x00, 0x00, 0x00, 0x00, 0x00, 0x00, 0x00, 0x00, 0x00,
    0x00, 0x00, 0x00, 0x00, 0x00, 0x00, 0x00, 0x00, 0x00, 0x00, 0x00, 0x00, 0x00, 0x00, 0x00, 0x00,
    0x00, 0x00, 0x00, 0x00, 0x00, 0x00, 0x00, 0x00, 0x00, 0x00, 0x00, 0x00, 0x00, 0x00, 0x00, 0x00,
    0x00, 0x00, 0x00, 0x00, 0x00, 0x00, 0x00, 0x00, 0x91, 0x94, 0xD2, 0x9C, 0xF3, 0xA4, 0x13, 0xA5,
    0xF3, 0xA4, 0xD2, 0x9C, 0x91, 0x94, 0x00, 0x00, 0x00, 0x00, 0x00, 0x00, 0x00, 0x00, 0x00, 0x00,
    0x00, 0x00, 0x00, 0x00, 0x00, 0x00, 0x00, 0x00, 0x00, 0x00, 0x00, 0x00, 0x00, 0x00, 0x00, 0x00,
    0x00, 0x00, 0x00, 0x00, 0x00, 0x00, 0x00, 0x00, 0x00, 0x00, 0x00, 0x00, 0x00, 0x00, 0x00, 0x00,
    0x00, 0x00, 0x91, 0x94, 0x13, 0xA5, 0x95, 0xB5, 0x17, 0xC6, 0x58, 0xCE, 0x99, 0xD6, 0x99, 0xD6,
    0x99, 0xD6, 0x58, 0xCE, 0x17, 0xC6, 0x95, 0xB5, 0x13, 0xA5, 0x91, 0x94, 0x00, 0x00, 0x00, 0x00,
    0x00, 0x00, 0x00, 0x00, 0x00, 0x00, 0x00, 0x00, 0x00, 0x00, 0x00, 0x00, 0x00, 0x00, 0x00, 0x00,
    0x00, 0x00, 0x00, 0x00, 0x00, 0x00, 0x00, 0x00, 0x00, 0x00, 0x00, 0x00, 0x00, 0x00, 0x91, 0x94,
    0xF3, 0xA4, 0xD6, 0xBD, 0x79, 0xD6, 0x1B, 0xE7, 0x9D, 0xF7, 0xDF, 0xFF, 0xFF, 0xFF, 0xFF, 0xFF,
    0xFF, 0xFF, 0xDF, 0xFF, 0x9D, 0xF7, 0x1B, 0xE7, 0x79, 0xD6, 0xD6, 0xBD, 0xF3, 0xA4, 0x91, 0x94,
    0x00, 0x00, 0x00, 0x00, 0x00, 0x00, 0x00, 0x00, 0x00, 0x00, 0x00, 0x00, 0x00, 0x00, 0x00, 0x00,
    0x00, 0x00, 0x00, 0x00, 0x00, 0x00, 0x00, 0x00, 0x00, 0x00, 0x00, 0x00, 0x91, 0x94, 0x54, 0xAD,
    0x58, 0xCE, 0x1C, 0xE7, 0xDF, 0xFF, 0xFF, 0xFF, 0xFF, 0xFF, 0xFF, 0xFF, 0xFF, 0xFF, 0xFF, 0xFF,
    0xFF, 0xFF, 0xFF, 0xFF, 0xFF, 0xFF, 0xFF, 0xFF, 0xDF, 0xFF, 0x1C, 0xE7, 0x58, 0xCE, 0x54, 0xAD,
    0x91, 0x94, 0x00, 0x00, 0x00, 0x00, 0x00, 0x00, 0x00, 0x00, 0x00, 0x00, 0x00, 0x00, 0x00, 0x00,
    0x00, 0x00, 0x00, 0x00, 0x00, 0x00, 0x00, 0x00, 0x00, 0x00, 0x91, 0x94, 0x75, 0xB5, 0x99, 0xD6,
    0x9D, 0xF7, 0xFF, 0xFF, 0xFF, 0xFF, 0xFF, 0xFF, 0xFF, 0xFF, 0xFF, 0xFF, 0xFF, 0xFF, 0xFF, 0xFF,
    0xFF, 0xFF, 0xFF, 0xFF, 0xFF, 0xFF, 0xFF, 0xFF, 0xFF, 0xFF, 0xFF, 0xFF, 0x7D, 0xEF, 0x79, 0xD6,
    0x74, 0xB5, 0x91, 0x94, 0x00, 0x00, 0x00, 0x00, 0x00, 0x00, 0x00, 0x00, 0x00, 0x00, 0x00, 0x00,
    0x00, 0x00, 0x00, 0x00, 0x00, 0x00, 0x00, 0x00, 0x91, 0x94, 0x54, 0xAD, 0x99, 0xD6, 0xBE, 0xF7,
    0xFF, 0xFF, 0xFF, 0xFF, 0xFF, 0xFF, 0xFF, 0xFF, 0xFF, 0xFF, 0xFF, 0xFF, 0xFF, 0xFF, 0xFF, 0xFF,
    0xFF, 0xFF, 0xFF, 0xFF, 0xFF, 0xFF, 0xFF, 0xFF, 0xFF, 0xFF, 0xFF, 0xFF, 0xFF, 0xFF, 0x9D, 0xF7,
    0x79, 0xCE, 0x54, 0xAD, 0x91, 0x94, 0x00, 0x00, 0x00, 0x00, 0x00, 0x00, 0x00, 0x00, 0x00, 0x00,
    0x00, 0x00, 0x00, 0x00, 0x00, 0x00, 0x00, 0x00, 0xF3, 0xA4, 0x58, 0xCE, 0x9D, 0xF7, 0xFF, 0xFF,
    0xFF, 0xFF, 0xFF, 0xFF, 0xFF, 0xFF, 0xFF, 0xFF, 0xFF, 0xFF, 0xFF, 0xFF, 0xFF, 0xFF, 0xFF, 0xFF,
    0xFF, 0xFF, 0xFF, 0xFF, 0xFF, 0xFF, 0xFF, 0xFF, 0xFF, 0xFF, 0xFF, 0xFF, 0xDF, 0xFF, 0xDE, 0xFF,
    0x5C, 0xEF, 0x17, 0xC6, 0xF2, 0xA4, 0x00, 0x00, 0x00, 0x00, 0x00, 0x00, 0x00, 0x00, 0x00, 0x00,
    0x00, 0x00, 0x00, 0x00, 0x00, 0x00, 0x91, 0x94, 0xD6, 0xBD, 0x1C, 0xE7, 0xFF, 0xFF, 0xFF, 0xFF,
    0xFF, 0xFF, 0xFF, 0xFF, 0xFF, 0xFF, 0xFF, 0xFF, 0xFF, 0xFF, 0xFF, 0xFF, 0xFF, 0xFF, 0xFF, 0xFF,
    0xFF, 0xFF, 0xFF, 0xFF, 0xFF, 0xFF, 0xFF, 0xFF, 0xFF, 0xFF, 0xDF, 0xFF, 0xDE, 0xFF, 0xBE, 0xF7,
    0xBE, 0xF7, 0xDA, 0xDE, 0xB5, 0xB5, 0x91, 0x94, 0x00, 0x00, 0x00, 0x00, 0x00, 0x00, 0x00, 0x00,
    0x00, 0x00, 0x00, 0x00, 0x00, 0x00, 0xEE, 0xA4, 0xC7, 0xD5, 0xA0, 0xFE, 0xA0, 0xFE, 0xA0, 0xFE,
    0xE7, 0xFE, 0x50, 0xFF, 0x96, 0xFF, 0x52, 0xFF, 0xFF, 0xFF, 0xFF, 0xFF, 0xFF, 0xFF, 0xFF, 0xFF,
    0xFF, 0xFF, 0xFF, 0xFF, 0xFF, 0xFF, 0x20, 0xFE, 0x20, 0xFE, 0x00, 0xFE, 0x00, 0xFE, 0x00, 0xFE,
    0xE0, 0xFD, 0xE0, 0xF5, 0x47, 0xCD, 0xCE, 0xA4, 0x00, 0x00, 0x00, 0x00, 0x00, 0x00, 0x00, 0x00,
    0x00, 0x00, 0x00, 0x00, 0x00, 0x00, 0x2C, 0xB5, 0x04, 0xE6, 0xA0, 0xFE, 0xA0, 0xFE, 0x80, 0xFE,
    0xA2, 0xFE, 0xE9, 0xFE, 0x0C, 0xFF, 0xFF, 0xFF, 0xFF, 0xFF, 0xFF, 0xFF, 0xFF, 0xFF, 0xFF, 0xFF,
    0xFF, 0xFF, 0xFF, 0xFF, 0xFF, 0xFF, 0xDF, 0xFF, 0x00, 0xFE, 0x00, 0xFE, 0x00, 0xFE, 0xE0, 0xFD,
    0xE0, 0xF5, 0xE0, 0xF5, 0x84, 0xDD, 0xEC, 0xB4, 0x00, 0x00, 0x00, 0x00, 0x00, 0x00, 0x00, 0x00,
    0x00, 0x00, 0x00, 0x00, 0x91, 0x94, 0x6A, 0xC5, 0x62, 0xF6, 0xA0, 0xFE, 0x80, 0xFE, 0x80, 0xFE,
    0x80, 0xFE, 0x60, 0xFE, 0xFF, 0xFF, 0xFF, 0xFF, 0xFF, 0xFF, 0xFF, 0xFF, 0xC3, 0x18, 0xC3, 0x18,
    0xC3, 0x18, 0xC3, 0x18, 0xDF, 0xFF, 0xDE, 0xFF, 0xBE, 0xF7, 0x00, 0xFE, 0xE0, 0xFD, 0xE0, 0xF5,
    0xE0, 0xF5, 0xE0, 0xF5, 0xA2, 0xE5, 0x0A, 0xBD, 0x91, 0x94, 0x00, 0x00, 0x00, 0x00, 0x00, 0x00,
    0x00, 0x00, 0x00, 0x00, 0xB0, 0x9C, 0xA8, 0xCD, 0x80, 0xFE, 0x80, 0xFE, 0x80, 0xFE, 0x80, 0xFE,
    0x60, 0xFE, 0x60, 0xFE, 0xFF, 0xFF, 0xFF, 0xFF, 0xFF, 0xFF, 0xC3, 0x18, 0xFF, 0xFF, 0xFF, 0xFF,
    0xFF, 0xFF, 0xDF, 0xFF, 0xC3, 0x18, 0xBE, 0xF7, 0xBE, 0xF7, 0xE0, 0xFD, 0xE0, 0xF5, 0xE0, 0xF5,
    0xE0, 0xF5, 0xC0, 0xF5, 0xC0, 0xED, 0x28, 0xC5, 0xB0, 0x9C, 0x00, 0x00, 0x00, 0x00, 0x00, 0x00,
    0x00, 0x00, 0x00, 0x00, 0xCF, 0xA4, 0xC7, 0xD5, 0x80, 0xFE, 0x80, 0xFE, 0x80, 0xFE, 0x60, 0xFE,
    0x60, 0xFE, 0xFF, 0xFF, 0xFF, 0xFF, 0xFF, 0xFF, 0xFF, 0xFF, 0xC3, 0x18, 0xFF, 0xFF, 0xFF, 0xFF,
    0xDF, 0xFF, 0xDE, 0xFF, 0xC3, 0x18, 0xBE, 0xF7, 0xBE, 0xF7, 0x9E, 0xF7, 0xE0, 0xF5, 0xE0, 0xF5,
    0xC0, 0xF5, 0xC0, 0xF5, 0xC0, 0xED, 0x27, 0xCD, 0xAF, 0xA4, 0x00, 0x00, 0x00, 0x00, 0x00, 0x00,
    0x00, 0x00, 0x00, 0x00, 0xCE, 0xA4, 0xC7, 0xD5, 0x80, 0xFE, 0x80, 0xFE, 0x60, 0xFE, 0x60, 0xFE,
    0x60, 0xFE, 0xFF, 0xFF, 0xFF, 0xFF, 0xFF, 0xFF, 0xFF, 0xFF, 0xC3, 0x18, 0xFF, 0xFF, 0xDF, 0xFF,
    0xDE, 0xFF, 0xBE, 0xF7, 0xC3, 0x18, 0xBE, 0xF7, 0x9E, 0xF7, 0x9D, 0xF7, 0xE0, 0xF5, 0xC0, 0xF5,
    0xC0, 0xF5, 0xC0, 0xED, 0xA0, 0xED, 0x27, 0xCD, 0xAE, 0xA4, 0x00, 0x00, 0x00, 0x00, 0x00, 0x00,
    0x00, 0x00, 0x00, 0x00, 0xCF, 0xA4, 0xA7, 0xD5, 0x80, 0xFE, 0x60, 0xFE, 0x60, 0xFE, 0x60, 0xFE,
    0x40, 0xFE, 0xFF, 0xFF, 0xFF, 0xFF, 0xFF, 0xFF, 0xFF, 0xFF, 0xFF, 0xFF, 0xC3, 0x18, 0xC3, 0x18,
    0xC3, 0x18, 0xC3, 0x18, 0xC3, 0x18, 0x9E, 0xF7, 0x9D, 0xF7, 0x7D, 0xEF, 0xC0, 0xF5, 0xC0, 0xF5,
    0xC0, 0xED, 0xA0, 0xED, 0xA0, 0xED, 0x27, 0xC5, 0xAF, 0xA4, 0x00, 0x00, 0x00, 0x00, 0x00, 0x00,
    0x00, 0x00, 0x00, 0x00, 0xB0, 0x9C, 0x88, 0xCD, 0x60, 0xFE, 0x60, 0xFE, 0x60, 0xFE, 0x40, 0xFE,
    0x40, 0xFE, 0x40, 0xFE, 0xFF, 0xFF, 0xFF, 0xFF, 0xFF, 0xFF, 0xDF, 0xFF, 0xDE, 0xFF, 0xBE, 0xF7,
    0xBE, 0xF7, 0xBE, 0xF7, 0xC3, 0x18, 0x9D, 0xF7, 0x7D, 0xEF, 0xC0, 0xF5, 0xC0, 0xF5, 0xC0, 0xED,
    0xA0, 0xED, 0xA0, 0xED, 0x80, 0xED, 0x08, 0xC5, 0xB0, 0x9C, 0x00, 0x00, 0x00, 0x00, 0x00, 0x00,
    0x00, 0x00, 0x00, 0x00, 0x91, 0x94, 0x6A, 0xC5, 0x22, 0xF6, 0x60, 0xFE, 0x40, 0xFE, 0x40, 0xFE,
    0x40, 0xFE, 0x40, 0xFE, 0xFF, 0xFF, 0xFF, 0xFF, 0xDF, 0xFF, 0xDE, 0xFF, 0xBE, 0xF7, 0xBE, 0xF7,
    0xBE, 0xF7, 0x9E, 0xF7, 0xC3, 0x18, 0x7D, 0xEF, 0x7D, 0xEF, 0xC0, 0xF5, 0xC0, 0xED, 0xA0, 0xED,
    0xA0, 0xED, 0xA0, 0xED, 0x62, 0xDD, 0x0A, 0xBD, 0x91, 0x94, 0x00, 0x00, 0x00, 0x00, 0x00, 0x00,
    0x00, 0x00, 0x00, 0x00, 0x00, 0x00, 0x2C, 0xB5, 0xE4, 0xE5, 0x40, 0xFE, 0x40, 0xFE, 0x40, 0xFE,
    0x40, 0xFE, 0x20, 0xFE, 0x20, 0xFE, 0xDF, 0xFF, 0xDE, 0xFF, 0xC3, 0x18, 0xBE, 0xF7, 0xBE, 0xF7,
    0x9E, 0xF7, 0x9D, 0xF7, 0xC3, 0x18, 0x7D, 0xEF, 0xC0, 0xF5, 0xC0, 0xED, 0xA0, 0xED, 0xA0, 0xED,
    0xA0, 0xED, 0x80, 0xED, 0x44, 0xD5, 0xCC, 0xAC, 0x00, 0x00, 0x00, 0x00, 0x00, 0x00, 0x00, 0x00,
    0x00, 0x00, 0x00, 0x00, 0x00, 0x00, 0xCE, 0xA4, 0x87, 0xD5, 0x40, 0xFE, 0x40, 0xFE, 0x40, 0xFE,
    0x20, 0xFE, 0x20, 0xFE, 0x20, 0xFE, 0x00, 0xFE, 0xBE, 0xF7, 0xBE, 0xF7, 0xC3, 0x18, 0xC3, 0x18,
    0xC3, 0x18, 0xC3, 0x18, 0x7D, 0xEF, 0xC0, 0xF5, 0xC0, 0xED, 0xA0, 0xED, 0xA0, 0xED, 0xA0, 0xED,
    0x80, 0xED, 0x80, 0xE5, 0x07, 0xC5, 0xAE, 0xA4, 0x00, 0x00, 0x00, 0x00, 0x00, 0x00, 0x00, 0x00,
    0x00, 0x00, 0x00, 0x00, 0x00, 0x00, 0x91, 0x94, 0xD6, 0xBD, 0x1C, 0xE7, 0xFF, 0xFF, 0xFF, 0xFF,
    0xFF, 0xFF, 0xDF, 0xFF, 0xDE, 0xFF, 0xBE, 0xF7, 0xBE, 0xF7, 0xBE, 0xF7, 0x9E, 0xF7, 0x9D, 0xF7,
    0x7D, 0xEF, 0x7D, 0xEF, 0x7D, 0xEF, 0x5D, 0xEF, 0x5C, 0xEF, 0x5C, 0xEF, 0x3C, 0xE7, 0x3C, 0xE7,
    0x1C, 0xE7, 0x79, 0xCE, 0x74, 0xB5, 0x91, 0x94, 0x00, 0x00, 0x00, 0x00, 0x00, 0x00, 0x00, 0x00,
    0x00, 0x00, 0x00, 0x00, 0x00, 0x00, 0x00, 0x00, 0xF3, 0xA4, 0x58, 0xCE, 0x7D, 0xEF, 0xFF, 0xFF,
    0xDF, 0xFF, 0xDE, 0xFF, 0xBE, 0xF7, 0xBE, 0xF7, 0xBE, 0xF7, 0x9E, 0xF7, 0x9D, 0xF7, 0x7D, 0xEF,
    0x7D, 0xEF, 0x7D, 0xEF, 0x5D, 0xEF, 0x5C, 0xEF, 0x5C, 0xEF, 0x3C, 0xE7, 0x3C, 0xE7, 0x1C, 0xE7,
    0xBA, 0xDE, 0xD6, 0xBD, 0xD2, 0x9C, 0x00, 0x00, 0x00, 0x00, 0x00, 0x00, 0x00, 0x00, 0x00, 0x00,
    0x00, 0x00, 0x00, 0x00, 0x00, 0x00, 0x00, 0x00, 0x91, 0x94, 0x54, 0xAD, 0x79, 0xD6, 0x9D, 0xF7,
    0xDE, 0xFF, 0xBE, 0xF7, 0xBE, 0xF7, 0xBE, 0xF7, 0x9E, 0xF7, 0x9D, 0xF7, 0x7D, 0xEF, 0x7D, 0xEF,
    0x7D, 0xEF, 0x5D, 0xEF, 0x5C, 0xEF, 0x5C, 0xEF, 0x3C, 0xE7, 0x3C, 0xE7, 0x1C, 0xE7, 0xDB, 0xDE,
    0xF7, 0xC5, 0x13, 0xA5, 0x91, 0x94, 0x00, 0x00, 0x00, 0x00, 0x00, 0x00, 0x00, 0x00, 0x00, 0x00,
    0x00, 0x00, 0x00, 0x00, 0x00, 0x00, 0x00, 0x00, 0x00, 0x00, 0x91, 0x94, 0x74, 0xB5, 0x79, 0xCE,
    0x5C, 0xEF, 0xBE, 0xF7, 0xBE, 0xF7, 0x9E, 0xF7, 0x9D, 0xF7, 0x7D, 0xEF, 0x7D, 0xEF, 0x7D, 0xEF,
    0x5D, 0xEF, 0x5C, 0xEF, 0x5C, 0xEF, 0x3C, 0xE7, 0x3C, 0xE7, 0x1C, 0xE7, 0xBA, 0xDE, 0xF7, 0xC5,
    0x34, 0xAD, 0x91, 0x94, 0x00, 0x00, 0x00, 0x00, 0x00, 0x00, 0x00, 0x00, 0x00, 0x00, 0x00, 0x00,
    0x00, 0x00, 0x00, 0x00, 0x00, 0x00, 0x00, 0x00, 0x00, 0x00, 0x00, 0x00, 0x91, 0x94, 0x54, 0xAD,
    0x17, 0xC6, 0xDA, 0xDE, 0x7D, 0xEF, 0x9D, 0xF7, 0x7D, 0xEF, 0x7D, 0xEF, 0x7D, 0xEF, 0x5D, 0xEF,
    0x5C, 0xEF, 0x5C, 0xEF, 0x3C, 0xE7, 0x3C, 0xE7, 0x1B, 0xE7, 0x79, 0xCE, 0xD6, 0xBD, 0x13, 0xA5,
    0x91, 0x94, 0x00, 0x00, 0x00, 0x00, 0x00, 0x00, 0x00, 0x00, 0x00, 0x00, 0x00, 0x00, 0x00, 0x00,
    0x00, 0x00, 0x00, 0x00, 0x00, 0x00, 0x00, 0x00, 0x00, 0x00, 0x00, 0x00, 0x00, 0x00, 0x91, 0x94,
    0xF2, 0xA4, 0xB5, 0xB5, 0x38, 0xCE, 0xBA, 0xD6, 0x1B, 0xE7, 0x5C, 0xEF, 0x5D, 0xEF, 0x5C, 0xEF,
    0x5C, 0xEF, 0x1C, 0xE7, 0xDA, 0xDE, 0x79, 0xCE, 0xF7, 0xC5, 0x74, 0xB5, 0xD2, 0x9C, 0x91, 0x94,
    0x00, 0x00, 0x00, 0x00, 0x00, 0x00, 0x00, 0x00, 0x00, 0x00, 0x00, 0x00, 0x00, 0x00, 0x00, 0x00,
    0x00, 0x00, 0x00, 0x00, 0x00, 0x00, 0x00, 0x00, 0x00, 0x00, 0x00, 0x00, 0x00, 0x00, 0x00, 0x00,
    0x00, 0x00, 0x91, 0x94, 0xF3, 0xA4, 0x74, 0xB5, 0xD6, 0xBD, 0x17, 0xC6, 0x37, 0xC6, 0x38, 0xC6,
    0x17, 0xC6, 0xF7, 0xBD, 0xB5, 0xB5, 0x54, 0xAD, 0xF2, 0xA4, 0x91, 0x94, 0x00, 0x00, 0x00, 0x00,
    0x00, 0x00, 0x00, 0x00, 0x00, 0x00, 0x00, 0x00, 0x00, 0x00, 0x00, 0x00, 0x00, 0x00, 0x00, 0x00,
    0x00, 0x00, 0x00, 0x00, 0x00, 0x00, 0x00, 0x00, 0x00, 0x00, 0x00, 0x00, 0x00, 0x00, 0x00, 0x00,
    0x00, 0x00, 0x00, 0x00, 0x00, 0x00, 0x00, 0x00, 0x91, 0x94, 0xD2, 0x9C, 0xF2, 0xA4, 0xF2, 0xA4,
    0xF2, 0x9C, 0xB2, 0x9C, 0x91, 0x94, 0x00, 0x00, 0x00, 0x00, 0x00, 0x00, 0x00, 0x00, 0x00, 0x00,
    0x00, 0x00, 0x00, 0x00, 0x00, 0x00, 0x00, 0x00, 0x00, 0x00, 0x00, 0x00, 0x00, 0x00, 0x00, 0x00,
    0x00, 0x00, 0x00, 0x00, 0x00, 0x00, 0x00, 0x00, 0x00, 0x00, 0x00, 0x00, 0x00, 0x00, 0x00, 0x00,
    0x00, 0x00, 0x00, 0x00, 0x00, 0x00, 0x00, 0x00, 0x00, 0x00, 0x00, 0x00, 0x00, 0x00, 0x00, 0x00,
    0x00, 0x00, 0x00, 0x00, 0x00, 0x00, 0x00, 0x00, 0x00, 0x00, 0x00, 0x00, 0x00, 0x00, 0x00, 0x00,
    0x00, 0x00, 0x00, 0x00, 0x00, 0x00, 0x00, 0x00, 0x00, 0x00, 0x00, 0x00, 0x00, 0x00, 0x00, 0x00,
    0x00, 0x00, 0x00, 0x00, 0x00, 0x00, 0x00, 0x00, 0x00, 0x00, 0x00, 0x00, 0x00, 0x00, 0x00, 0x00,
    0x00, 0x00, 0x00, 0x00, 0x00, 0x00, 0x00, 0x00, 0x00, 0x00, 0x00, 0x00, 0x00, 0x00, 0x00, 0x00,
    0x00, 0x00, 0x00, 0x00, 0x00, 0x00, 0x00, 0x00, 0x00, 0x00, 0x00, 0x00, 0x00, 0x00, 0x00, 0x00,
    0x00, 0x00, 0x00, 0x00, 0x00, 0x00, 0x00, 0x00, 0x00, 0x00, 0x00, 0x00, 0x00, 0x00, 0x00, 0x00,
    0x00, 0x00, 0x00, 0x00, 0x00, 0x00, 0x00, 0x00, 0x00, 0x00, 0x00, 0x00, 0x00, 0x00, 0x00, 0x00,
    0x00, 0x00, 0x00, 0x00, 0x00, 0x00, 0x00, 0x00, 0x00, 0x00, 0x00, 0x00, 0x00, 0x00, 0x00, 0x00,
    0x00, 0x00, 0x00, 0x00, 0x00, 0x00, 0x00, 0x00, 0x00, 0x00, 0x00, 0x00, 0x00, 0x00, 0x00, 0x00,
    0x00, 0x00, 0x00, 0x00, 0x00, 0x00, 0x00, 0x00, 0x00, 0x00, 0x00, 0x00, 0x00, 0x00, 0x00, 0x00,
    0x00, 0x00, 0x00, 0x00, 0x00, 0x00, 0x00, 0x00, 0x00, 0x00, 0x00, 0x00, 0x00, 0x00, 0x00, 0x00,
    0x00, 0x00, 0x00, 0x00, 0x00, 0x00, 0x00, 0x00, 0x00, 0x00, 0x00, 0x00, 0x00, 0x00, 0x00, 0x00,
    0x00, 0x00, 0x00, 0x00, 0x00, 0x00, 0x00, 0x00, 0x00, 0x00, 0x00, 0x00, 0x00, 0x00, 0x00, 0x00,
    0x00, 0x00, 0x00, 0x00, 0x00, 0x00, 0x00, 0x00, 0x00, 0x00, 0x00, 0x00, 0x00, 0x00, 0x00, 0x00,
    0x00, 0x00, 0x00, 0x00, 0x00, 0x00, 0x00, 0x00, 0x00, 0x00, 0x00, 0x00, 0x40, 0xFF, 0xFF, 0xFF,
    0xFF, 0xFF, 0x40, 0x00, 0x00, 0x00, 0x00, 0x00, 0x00, 0x00, 0x00, 0x00, 0x00, 0x00, 0x00, 0x00,
    0x00, 0x00, 0x00, 0x00, 0x00, 0x00, 0x00, 0x00, 0x00, 0x20, 0xFF, 0xFF, 0xFF, 0xFF, 0xFF, 0xFF,
    0xFF, 0xFF, 0xFF, 0xFF, 0xFF, 0x20, 0x00, 0x00, 0x00, 0x00, 0x00, 0x00, 0x00, 0x00, 0x00, 0x00,
    0x00, 0x00, 0x00, 0x00, 0x00, 0x00, 0x00, 0x10, 0xFF, 0xFF, 0xFF, 0xFF, 0xFF, 0xFF, 0xFF, 0xFF,
    0xFF, 0xFF, 0xFF, 0xFF, 0xFF, 0xFF, 0xFF, 0x10, 0x00, 0x00, 0x00, 0x00, 0x00, 0x00, 0x00, 0x00,
    0x00, 0x00, 0x00, 0x00, 0x00, 0x00, 0x20, 0xFF, 0xFF, 0xFF, 0xFF, 0xFF, 0xFF, 0xFF, 0xFF, 0xFF,
    0xFF, 0xFF, 0xFF, 0xFF, 0xFF, 0xFF, 0xFF, 0xFF, 0x20, 0x00, 0x00, 0x00, 0x00, 0x00, 0x00, 0x00,
    0x00, 0x00, 0x00, 0x00, 0x00, 0x20, 0xFF, 0xFF, 0xFF, 0xFF, 0xFF, 0xFF, 0xFF, 0xFF, 0xFF, 0xFF,
    0xFF, 0xFF, 0xFF, 0xFF, 0xFF, 0xFF, 0xFF, 0xFF, 0xFF, 0x20, 0x00, 0x00, 0x00, 0x00, 0x00, 0x00,
    0x00, 0x00, 0x00, 0x00, 0x10, 0xFF, 0xFF, 0xFF, 0xFF, 0xFF, 0xFF, 0xFF, 0xFF, 0xFF, 0xFF, 0xFF,
    0xFF, 0xFF, 0xFF, 0xFF, 0xFF, 0xFF, 0xFF, 0xFF, 0xFF, 0xFF, 0x10, 0x00, 0x00, 0x00, 0x00, 0x00,
    0x00, 0x00, 0x00, 0x00, 0xFF, 0xFF, 0xFF, 0xFF, 0xFF, 0xFF, 0xFF, 0xFF, 0xFF, 0xFF, 0xFF, 0xFF,
    0xFF, 0xFF, 0xFF, 0xFF, 0xFF, 0xFF, 0xFF, 0xFF, 0xFF, 0xFF, 0xFF, 0x00, 0x00, 0x00, 0x00, 0x00,
    0x00, 0x00, 0x00, 0x20, 0xFF, 0xFF, 0xFF, 0xFF, 0xFF, 0xFF, 0xFF, 0xFF, 0xFF, 0xFF, 0xFF, 0xFF,
    0xFF, 0xFF, 0xFF, 0xFF, 0xFF, 0xFF, 0xFF, 0xFF, 0xFF, 0xFF, 0xFF, 0x20, 0x00, 0x00, 0x00, 0x00,
    0x00, 0x00, 0x00, 0xFF, 0xFF, 0xFF, 0xFF, 0xFF, 0xFF, 0xFF, 0xFF, 0xFF, 0xFF, 0xFF, 0xFF, 0xFF,
    0xFF, 0xFF, 0xFF, 0xFF, 0xFF, 0xFF, 0xFF, 0xFF, 0xFF, 0xFF, 0xFF, 0xFF, 0x00, 0x00, 0x00, 0x00,
    0x00, 0x00, 0x00, 0xFF, 0xFF, 0xFF, 0xFF, 0xFF, 0xFF, 0xFF, 0xFF, 0xFF, 0xFF, 0xFF, 0xFF, 0xFF,
    0xFF, 0xFF, 0xFF, 0xFF, 0xFF, 0xFF, 0xFF, 0xFF, 0xFF, 0xFF, 0xFF, 0xFF, 0x00, 0x00, 0x00, 0x00,
    0x00, 0x00, 0x40, 0xFF, 0xFF, 0xFF, 0xFF, 0xFF, 0xFF, 0xFF, 0xFF, 0xFF, 0xFF, 0xFF, 0xFF, 0xFF,
    0xFF, 0xFF, 0xFF, 0xFF, 0xFF, 0xFF, 0xFF, 0xFF, 0xFF, 0xFF, 0xFF, 0xFF, 0x40, 0x00, 0x00, 0x00,
    0x00, 0x00, 0xFF, 0xFF, 0xFF, 0xFF, 0xFF, 0xFF, 0xFF, 0xFF, 0xFF, 0xFF, 0xFF, 0xFF, 0xFF, 0xFF,
    0xFF, 0xFF, 0xFF, 0xFF, 0xFF, 0xFF, 0xFF, 0xFF, 0xFF, 0xFF, 0xFF, 0xFF, 0xFF, 0x00, 0x00, 0x00,
    0x00, 0x00, 0xFF, 0xFF, 0xFF, 0xFF, 0xFF, 0xFF, 0xFF, 0xFF, 0xFF, 0xFF, 0xFF, 0xFF, 0xFF, 0xFF,
    0xFF, 0xFF, 0xFF, 0xFF, 0xFF, 0xFF, 0xFF, 0xFF, 0xFF, 0xFF, 0xFF, 0xFF, 0xFF, 0x00, 0x00, 0x00,
    0x00, 0x00, 0xFF, 0xFF, 0xFF, 0xFF, 0xFF, 0xFF, 0xFF, 0xFF, 0xFF, 0xFF, 0xFF, 0xFF, 0xFF, 0xFF,
    0xFF, 0xFF, 0xFF, 0xFF, 0xFF, 0xFF, 0xFF, 0xFF, 0xFF, 0xFF, 0xFF, 0xFF, 0xFF, 0x00, 0x00, 0x00,
    0x00, 0x00, 0xFF, 0xFF, 0xFF, 0xFF, 0xFF, 0xFF, 0xFF, 0xFF, 0xFF, 0xFF, 0xFF, 0xFF, 0xFF, 0xFF,
    0xFF, 0xFF, 0xFF, 0xFF, 0xFF, 0xFF, 0xFF, 0xFF, 0xFF, 0xFF, 0xFF, 0xFF, 0xFF, 0x00, 0x00, 0x00,
    0x00, 0x00, 0xFF, 0xFF, 0xFF, 0xFF, 0xFF, 0xFF, 0xFF, 0xFF, 0xFF, 0xFF, 0xFF, 0xFF, 0xFF, 0xFF,
    0xFF, 0xFF, 0xFF, 0xFF, 0xFF, 0xFF, 0xFF, 0xFF, 0xFF, 0xFF, 0xFF, 0xFF, 0xFF, 0x00, 0x00, 0x00,
    0x00, 0x00, 0x40, 0xFF, 0xFF, 0xFF, 0xFF, 0xFF, 0xFF, 0xFF, 0xFF, 0xFF, 0xFF, 0xFF, 0xFF, 0xFF,
    0xFF, 0xFF, 0xFF, 0xFF, 0xFF, 0xFF, 0xFF, 0xFF, 0xFF, 0xFF, 0xFF, 0xFF, 0x40, 0x00, 0x00, 0x00,
    0x00, 0x00, 0x00, 0xFF, 0xFF, 0xFF, 0xFF, 0xFF, 0xFF, 0xFF, 0xFF, 0xFF, 0xFF, 0xFF, 0xFF, 0xFF,
    0xFF, 0xFF, 0xFF, 0xFF, 0xFF, 0xFF, 0xFF, 0xFF, 0xFF, 0xFF, 0xFF, 0xFF, 0x00, 0x00, 0x00, 0x00,
    0x00, 0x00, 0x00, 0xFF, 0xFF, 0xFF, 0xFF, 0xFF, 0xFF, 0xFF, 0xFF, 0xFF, 0xFF, 0xFF, 0xFF, 0xFF,
    0xFF, 0xFF, 0xFF, 0xFF, 0xFF, 0xFF, 0xFF, 0xFF, 0xFF, 0xFF, 0xFF, 0xFF, 0x00, 0x00, 0x00, 0x00,
    0x00, 0x00, 0x00, 0x20, 0xFF, 0xFF, 0xFF, 0xFF, 0xFF, 0xFF, 0xFF, 0xFF, 0xFF, 0xFF, 0xFF, 0xFF,
    0xFF, 0xFF, 0xFF, 0xFF, 0xFF, 0xFF, 0xFF, 0xFF, 0xFF, 0xFF, 0xFF, 0x20, 0x00, 0x00, 0x00, 0x00,
    0x00, 0x00, 0x00, 0x00, 0xFF, 0xFF, 0xFF, 0xFF, 0xFF, 0xFF, 0xFF, 0xFF, 0xFF, 0xFF, 0xFF, 0xFF,
    0xFF, 0xFF, 0xFF, 0xFF, 0xFF, 0xFF, 0xFF, 0xFF, 0xFF, 0xFF, 0xFF, 0x00, 0x00, 0x00, 0x00, 0x00,
    0x00, 0x00, 0x00, 0x00, 0x10, 0xFF, 0xFF, 0xFF, 0xFF, 0xFF, 0xFF, 0xFF, 0xFF, 0xFF, 0xFF, 0xFF,
    0xFF, 0xFF, 0xFF, 0xFF, 0xFF, 0xFF, 0xFF, 0xFF, 0xFF, 0xFF, 0x10, 0x00, 0x00, 0x00, 0x00, 0x00,
    0x00, 0x00, 0x00, 0x00, 0x00, 0x20, 0xFF, 0xFF, 0xFF, 0xFF, 0xFF, 0xFF, 0xFF, 0xFF, 0xFF, 0xFF,
    0xFF, 0xFF, 0xFF, 0xFF, 0xFF, 0xFF, 0xFF, 0xFF, 0xFF, 0x20, 0x00, 0x00, 0x00, 0x00, 0x00, 0x00,
    0x00, 0x00, 0x00, 0x00, 0x00, 0x00, 0x20, 0xFF, 0xFF, 0xFF, 0xFF, 0xFF, 0xFF, 0xFF, 0xFF, 0xFF,
    0xFF, 0xFF, 0xFF, 0xFF, 0xFF, 0xFF, 0xFF, 0xFF, 0x20, 0x00, 0x00, 0x00, 0x00, 0x00, 0x00, 0x00,
    0x00, 0x00, 0x00, 0x00, 0x00, 0x00, 0x00, 0x10, 0xFF, 0xFF, 0xFF, 0xFF, 0xFF, 0xFF, 0xFF, 0xFF,
    0xFF, 0xFF, 0xFF, 0xFF, 0xFF, 0xFF, 0xFF, 0x10, 0x00, 0x00, 0x00, 0x00, 0x00, 0x00, 0x00, 0x00,
    0x00, 0x00, 0x00, 0x00, 0x00, 0x00, 0x00, 0x00, 0x00, 0x20, 0xFF, 0xFF, 0xFF, 0xFF, 0xFF, 0xFF,
    0xFF, 0xFF, 0xFF, 0xFF, 0xFF, 0x20, 0x00, 0x00, 0x00, 0x00, 0x00, 0x00, 0x00, 0x00, 0x00, 0x00,
    0x00, 0x00, 0x00, 0x00, 0x00, 0x00, 0x00, 0x00, 0x00, 0x00, 0x00, 0x00, 0x40, 0xFF, 0xFF, 0xFF,
    0xFF, 0xFF, 0x40, 0x00, 0x00, 0x00, 0x00, 0x00, 0x00, 0x00, 0x00, 0x00, 0x00, 0x00, 0x00, 0x00,
    0x00, 0x00, 0x00, 0x00, 0x00, 0x00, 0x00, 0x00, 0x00, 0x00, 0x00, 0x00, 0x00, 0x00, 0x00, 0x00,
    0x00, 0x00, 0x00, 0x00, 0x00, 0x00, 0x00, 0x00, 0x00, 0x00, 0x00, 0x00, 0x00, 0x00, 0x00, 0x00,
    0x00, 0x00, 0x00, 0x00, 0x00, 0x00, 0x00, 0x00, 0x00, 0x00, 0x00, 0x00, 0x00, 0x00, 0x00, 0x00,
    0x00, 0x00, 0x00, 0x00, 0x00, 0x00, 0x00, 0x00, 0x00, 0x00, 0x00, 0x00, 0x00, 0x00, 0x00, 0x00,
    0x00, 0x00, 0x00, 0x00, 0x00, 0x00, 0x00, 0x00, 0x00, 0x00, 0x00, 0x00, 0x00, 0x00, 0x00, 0x00,
    0x00, 0x00, 0x00, 0x00, 0x00, 0x00, 0x00, 0x00, 0x00, 0x00, 0x00, 0x00, 0x00, 0x00, 0x00, 0x00,
};

const lv_image_dsc_t tribe_icon_nineball = {
    .header = {
        .magic  = LV_IMAGE_HEADER_MAGIC,
        .cf     = LV_COLOR_FORMAT_RGB565A8,
        .flags  = 0,
        .w      = 32,
        .h      = 32,
        .stride = 64,
    },
    .data_size = sizeof(tribe_icon_nineball_map),
    .data      = tribe_icon_nineball_map,
};

const lv_image_dsc_t *const tribe_icon_pack_mayday[TRIBE_ICON_COUNT] = {
    [0] = &tribe_icon_carrot,
    [1] = &tribe_icon_rabbit,
    [2] = &tribe_icon_ball_pink,
    [3] = &tribe_icon_ball_red,
    [4] = &tribe_icon_ball_green,
    [5] = &tribe_icon_ball_blue,
    [6] = &tribe_icon_ball_yellow,
    [7] = &tribe_icon_nineball,
};
